location,group,year,people,total_gross_pay,pay_per_person,people_index,pay_index,pay_per_person_index,cpi_w_ca_index,local_cpi_index
UC systemwide,Lecturers (Unit 18),2021,7009,234140942,33406,100.0,100.0,100.0,100.0,
UC systemwide,Lecturers (Unit 18),2022,9347,272801341,29186,133.4,116.5,87.4,107.6,
UC systemwide,Lecturers (Unit 18),2023,6901,268334600,38883,98.5,114.6,116.4,111.3,
UC systemwide,Lecturers (Unit 18),2024,7215,288912307,40043,102.9,123.4,119.9,114.6,
UC systemwide,Lecturers (Unit 18),2025,7071,293694902,41535,100.9,125.4,124.3,118.2,
UC systemwide,Teaching professors,2021,480,66506835,138556,100.0,100.0,100.0,100.0,
UC systemwide,Teaching professors,2022,514,74476425,144896,107.1,112.0,104.6,107.6,
UC systemwide,Teaching professors,2023,559,86217789,154236,116.5,129.6,111.3,111.3,
UC systemwide,Teaching professors,2024,636,101376063,159396,132.5,152.4,115.0,114.6,
UC systemwide,Teaching professors,2025,690,116900460,169421,143.8,175.8,122.3,118.2,
UC systemwide,Senate faculty,2021,9315,1789845352,192147,100.0,100.0,100.0,100.0,
UC systemwide,Senate faculty,2022,9262,1850648230,199811,99.4,103.4,104.0,107.6,
UC systemwide,Senate faculty,2023,9381,1966034327,209576,100.7,109.8,109.1,111.3,
UC systemwide,Senate faculty,2024,9428,2093769289,222080,101.2,117.0,115.6,114.6,
UC systemwide,Senate faculty,2025,9450,2189572766,231701,101.4,122.3,120.6,118.2,
UC systemwide,All admin,2021,6010,988782613,164523,100.0,100.0,100.0,100.0,
UC systemwide,All admin,2022,5950,997678710,167677,99.0,100.9,101.9,107.6,
UC systemwide,All admin,2023,6178,1088900088,176254,102.8,110.1,107.1,111.3,
UC systemwide,All admin,2024,6207,1165815010,187823,103.3,117.9,114.2,114.6,
UC systemwide,All admin,2025,6277,1256115552,200114,104.4,127.0,121.6,118.2,
Berkeley,Lecturers (Unit 18),2021,1753,50839108,29001,100.0,100.0,100.0,100.0,
Berkeley,Lecturers (Unit 18),2022,2411,66108398,27419,137.5,130.0,94.5,107.6,
Berkeley,Lecturers (Unit 18),2023,1746,61764835,35375,99.6,121.5,122.0,111.3,
Berkeley,Lecturers (Unit 18),2024,1963,67065861,34165,112.0,131.9,117.8,114.6,
Berkeley,Lecturers (Unit 18),2025,1889,67327950,35642,107.8,132.4,122.9,118.2,
Berkeley,Teaching professors,2021,34,6551138,192681,100.0,100.0,100.0,100.0,
Berkeley,Teaching professors,2022,43,8484215,197307,126.5,129.5,102.4,107.6,
Berkeley,Teaching professors,2023,46,9252645,201144,135.3,141.2,104.4,111.3,
Berkeley,Teaching professors,2024,52,10440794,200784,152.9,159.4,104.2,114.6,
Berkeley,Teaching professors,2025,53,11788126,222417,155.9,179.9,115.4,118.2,
Berkeley,Senate faculty,2021,1491,314353162,210834,100.0,100.0,100.0,100.0,
Berkeley,Senate faculty,2022,1465,319282979,217941,98.3,101.6,103.4,107.6,
Berkeley,Senate faculty,2023,1495,342053826,228799,100.3,108.8,108.5,111.3,
Berkeley,Senate faculty,2024,1518,370278307,243925,101.8,117.8,115.7,114.6,
Berkeley,Senate faculty,2025,1545,389967557,252406,103.6,124.1,119.7,118.2,
Berkeley,All admin,2021,619,102282258,165238,100.0,100.0,100.0,100.0,
Berkeley,All admin,2022,645,110388227,171145,104.2,107.9,103.6,107.6,
Berkeley,All admin,2023,654,122132399,186747,105.7,119.4,113.0,111.3,
Berkeley,All admin,2024,674,130098050,193024,108.9,127.2,116.8,114.6,
Berkeley,All admin,2025,692,136110627,196692,111.8,133.1,119.0,118.2,
Davis,Lecturers (Unit 18),2021,693,26816170,38696,100.0,100.0,100.0,100.0,
Davis,Lecturers (Unit 18),2022,907,29900663,32967,130.9,111.5,85.2,107.6,
Davis,Lecturers (Unit 18),2023,682,32347430,47430,98.4,120.6,122.6,111.3,
Davis,Lecturers (Unit 18),2024,642,32915011,51269,92.6,122.7,132.5,114.6,
Davis,Lecturers (Unit 18),2025,646,33073672,51198,93.2,123.3,132.3,118.2,
Davis,Teaching professors,2021,53,6277556,118444,100.0,100.0,100.0,100.0,
Davis,Teaching professors,2022,54,6971003,129093,101.9,111.0,109.0,107.6,
Davis,Teaching professors,2023,59,8090539,137128,111.3,128.9,115.8,111.3,
Davis,Teaching professors,2024,62,9208349,148522,117.0,146.7,125.4,114.6,
Davis,Teaching professors,2025,68,10511247,154577,128.3,167.4,130.5,118.2,
Davis,Senate faculty,2021,1369,241683760,176540,100.0,100.0,100.0,100.0,
Davis,Senate faculty,2022,1352,248031829,183455,98.8,102.6,103.9,107.6,
Davis,Senate faculty,2023,1348,259335507,192385,98.5,107.3,109.0,111.3,
Davis,Senate faculty,2024,1340,269808141,201349,97.9,111.6,114.1,114.6,
Davis,Senate faculty,2025,1318,275290075,208870,96.3,113.9,118.3,118.2,
Davis,All admin,2021,699,104177070,149037,100.0,100.0,100.0,100.0,
Davis,All admin,2022,731,111817060,152965,104.6,107.3,102.6,107.6,
Davis,All admin,2023,788,128744959,163382,112.7,123.6,109.6,111.3,
Davis,All admin,2024,811,140588519,173352,116.0,135.0,116.3,114.6,
Davis,All admin,2025,827,147689395,178585,118.3,141.8,119.8,118.2,
Irvine,Lecturers (Unit 18),2021,748,20149970,26938,100.0,100.0,100.0,100.0,
Irvine,Lecturers (Unit 18),2022,1018,24925758,24485,136.1,123.7,90.9,107.6,
Irvine,Lecturers (Unit 18),2023,659,21982993,33358,88.1,109.1,123.8,111.3,
Irvine,Lecturers (Unit 18),2024,763,25110549,32910,102.0,124.6,122.2,114.6,
Irvine,Lecturers (Unit 18),2025,730,24230358,33192,97.6,120.3,123.2,118.2,
Irvine,Teaching professors,2021,101,15280640,151293,100.0,100.0,100.0,100.0,
Irvine,Teaching professors,2022,104,16040071,154231,103.0,105.0,101.9,107.6,
Irvine,Teaching professors,2023,107,18321015,171224,105.9,119.9,113.2,111.3,
Irvine,Teaching professors,2024,112,19822673,176988,110.9,129.7,117.0,114.6,
Irvine,Teaching professors,2025,112,21142762,188775,110.9,138.4,124.8,118.2,
Irvine,Senate faculty,2021,1147,210902025,183873,100.0,100.0,100.0,100.0,
Irvine,Senate faculty,2022,1149,222806719,193914,100.2,105.6,105.5,107.6,
Irvine,Senate faculty,2023,1141,233342282,204507,99.5,110.6,111.2,111.3,
Irvine,Senate faculty,2024,1147,243012025,211868,100.0,115.2,115.2,114.6,
Irvine,Senate faculty,2025,1149,254457232,221460,100.2,120.7,120.4,118.2,
Irvine,All admin,2021,512,87111215,170139,100.0,100.0,100.0,100.0,
Irvine,All admin,2022,528,91398993,173104,103.1,104.9,101.7,107.6,
Irvine,All admin,2023,534,96070091,179907,104.3,110.3,105.7,111.3,
Irvine,All admin,2024,557,102818299,184593,108.8,118.0,108.5,114.6,
Irvine,All admin,2025,573,113949938,198866,111.9,130.8,116.9,118.2,
Los Angeles,Lecturers (Unit 18),2021,1642,53856724,32799,100.0,100.0,100.0,100.0,
Los Angeles,Lecturers (Unit 18),2022,2162,56887333,26312,131.7,105.6,80.2,107.6,
Los Angeles,Lecturers (Unit 18),2023,1542,54656471,35445,93.9,101.5,108.1,111.3,
Los Angeles,Lecturers (Unit 18),2024,1561,59265214,37966,95.1,110.0,115.8,114.6,
Los Angeles,Lecturers (Unit 18),2025,1548,60105401,38828,94.3,111.6,118.4,118.2,
Los Angeles,Teaching professors,2021,13,1708685,131437,100.0,100.0,100.0,100.0,
Los Angeles,Teaching professors,2022,13,1803506,138731,100.0,105.5,105.5,107.6,
Los Angeles,Teaching professors,2023,12,1775134,147928,92.3,103.9,112.5,111.3,
Los Angeles,Teaching professors,2024,20,2896883,144844,153.8,169.5,110.2,114.6,
Los Angeles,Teaching professors,2025,29,4428795,152717,223.1,259.2,116.2,118.2,
Los Angeles,Senate faculty,2021,1539,361276408,234748,100.0,100.0,100.0,100.0,
Los Angeles,Senate faculty,2022,1539,377719508,245432,100.0,104.6,104.6,107.6,
Los Angeles,Senate faculty,2023,1564,399860063,255665,101.6,110.7,108.9,111.3,
Los Angeles,Senate faculty,2024,1567,424160093,270683,101.8,117.4,115.3,114.6,
Los Angeles,Senate faculty,2025,1579,446663554,282877,102.6,123.6,120.5,118.2,
Los Angeles,All admin,2021,1345,226563372,168449,100.0,100.0,100.0,100.0,
Los Angeles,All admin,2022,1086,189733535,174709,80.7,83.7,103.7,107.6,
Los Angeles,All admin,2023,1126,190859055,169502,83.7,84.2,100.6,111.3,
Los Angeles,All admin,2024,946,190149477,201004,70.3,83.9,119.3,114.6,
Los Angeles,All admin,2025,935,206564851,220925,69.5,91.2,131.2,118.2,
Merced,Lecturers (Unit 18),2021,227,10663600,46976,100.0,100.0,100.0,100.0,
Merced,Lecturers (Unit 18),2022,320,12453756,38918,141.0,116.8,82.8,107.6,
Merced,Lecturers (Unit 18),2023,235,11173177,47545,103.5,104.8,101.2,111.3,
Merced,Lecturers (Unit 18),2024,217,10933140,50383,95.6,102.5,107.3,114.6,
Merced,Lecturers (Unit 18),2025,239,10908214,45641,105.3,102.3,97.2,118.2,
Merced,Teaching professors,2021,25,2915040,116602,100.0,100.0,100.0,100.0,
Merced,Teaching professors,2022,28,3363324,120119,112.0,115.4,103.0,107.6,
Merced,Teaching professors,2023,34,4360144,128240,136.0,149.6,110.0,111.3,
Merced,Teaching professors,2024,43,5372581,124944,172.0,184.3,107.2,114.6,
Merced,Teaching professors,2025,49,6960074,142042,196.0,238.8,121.8,118.2,
Merced,Senate faculty,2021,307,44245181,144121,100.0,100.0,100.0,100.0,
Merced,Senate faculty,2022,306,45359428,148233,99.7,102.5,102.9,107.6,
Merced,Senate faculty,2023,299,46310372,154884,97.4,104.7,107.5,111.3,
Merced,Senate faculty,2024,294,50210020,170782,95.8,113.5,118.5,114.6,
Merced,Senate faculty,2025,302,52278771,173109,98.4,118.2,120.1,118.2,
Merced,All admin,2021,157,21086312,134308,100.0,100.0,100.0,100.0,
Merced,All admin,2022,164,22808293,139075,104.5,108.2,103.5,107.6,
Merced,All admin,2023,161,24833054,154243,102.5,117.8,114.8,111.3,
Merced,All admin,2024,163,26194462,160702,103.8,124.2,119.7,114.6,
Merced,All admin,2025,162,28195918,174049,103.2,133.7,129.6,118.2,
Riverside,Lecturers (Unit 18),2021,406,13346515,32873,100.0,100.0,100.0,100.0,
Riverside,Lecturers (Unit 18),2022,592,16265964,27476,145.8,121.9,83.6,107.6,
Riverside,Lecturers (Unit 18),2023,325,14805672,45556,80.0,110.9,138.6,111.3,
Riverside,Lecturers (Unit 18),2024,400,17070148,42675,98.5,127.9,129.8,114.6,
Riverside,Lecturers (Unit 18),2025,406,17760858,43746,100.0,133.1,133.1,118.2,
Riverside,Teaching professors,2021,40,4562065,114052,100.0,100.0,100.0,100.0,
Riverside,Teaching professors,2022,49,5499005,112225,122.5,120.5,98.4,107.6,
Riverside,Teaching professors,2023,51,6419330,125869,127.5,140.7,110.4,111.3,
Riverside,Teaching professors,2024,64,7707611,120431,160.0,169.0,105.6,114.6,
Riverside,Teaching professors,2025,73,9516293,130360,182.5,208.6,114.3,118.2,
Riverside,Senate faculty,2021,796,124784613,156765,100.0,100.0,100.0,100.0,
Riverside,Senate faculty,2022,797,128197801,160850,100.1,102.7,102.6,107.6,
Riverside,Senate faculty,2023,789,133714580,169473,99.1,107.2,108.1,111.3,
Riverside,Senate faculty,2024,815,144166458,176891,102.4,115.5,112.8,114.6,
Riverside,Senate faculty,2025,832,155734219,187181,104.5,124.8,119.4,118.2,
Riverside,All admin,2021,250,34954472,139818,100.0,100.0,100.0,100.0,
Riverside,All admin,2022,275,39412708,143319,110.0,112.8,102.5,107.6,
Riverside,All admin,2023,295,45051683,152718,118.0,128.9,109.2,111.3,
Riverside,All admin,2024,316,50581023,160067,126.4,144.7,114.5,114.6,
Riverside,All admin,2025,319,53533255,167816,127.6,153.2,120.0,118.2,
San Diego,Lecturers (Unit 18),2021,565,22344459,39548,100.0,100.0,100.0,100.0,
San Diego,Lecturers (Unit 18),2022,771,26385469,34222,136.5,118.1,86.5,107.6,
San Diego,Lecturers (Unit 18),2023,642,28971195,45126,113.6,129.7,114.1,111.3,
San Diego,Lecturers (Unit 18),2024,622,31543268,50713,110.1,141.2,128.2,114.6,
San Diego,Lecturers (Unit 18),2025,634,33593031,52986,112.2,150.3,134.0,118.2,
San Diego,Teaching professors,2021,115,15429854,134173,100.0,100.0,100.0,100.0,
San Diego,Teaching professors,2022,125,18048996,144392,108.7,117.0,107.6,107.6,
San Diego,Teaching professors,2023,136,20765602,152688,118.3,134.6,113.8,111.3,
San Diego,Teaching professors,2024,153,24899651,162743,133.0,161.4,121.3,114.6,
San Diego,Teaching professors,2025,166,28808283,173544,144.3,186.7,129.3,118.2,
San Diego,Senate faculty,2021,1113,217774577,195664,100.0,100.0,100.0,100.0,
San Diego,Senate faculty,2022,1104,226019919,204728,99.2,103.8,104.6,107.6,
San Diego,Senate faculty,2023,1136,242858855,213784,102.1,111.5,109.3,111.3,
San Diego,Senate faculty,2024,1144,259026479,226422,102.8,118.9,115.7,114.6,
San Diego,Senate faculty,2025,1126,270333542,240083,101.2,124.1,122.7,118.2,
San Diego,All admin,2021,618,96777100,156597,100.0,100.0,100.0,100.0,
San Diego,All admin,2022,646,99985316,154776,104.5,103.3,98.8,107.6,
San Diego,All admin,2023,678,117141789,172776,109.7,121.0,110.3,111.3,
San Diego,All admin,2024,705,127738683,181190,114.1,132.0,115.7,114.6,
San Diego,All admin,2025,696,135436826,194593,112.6,139.9,124.3,118.2,
San Francisco,Lecturers (Unit 18),2021,9,52748,5861,100.0,100.0,100.0,100.0,
San Francisco,Lecturers (Unit 18),2022,16,68160,4260,177.8,129.2,72.7,107.6,
San Francisco,Lecturers (Unit 18),2023,26,86099,3312,288.9,163.2,56.5,111.3,
San Francisco,Lecturers (Unit 18),2024,59,126555,2145,655.6,239.9,36.6,114.6,
San Francisco,Lecturers (Unit 18),2025,41,63800,1556,455.6,121.0,26.6,118.2,
San Francisco,Senate faculty,2021,25,915871,36635,100.0,100.0,100.0,100.0,
San Francisco,Senate faculty,2022,24,1093554,45565,96.0,119.4,124.4,107.6,
San Francisco,Senate faculty,2023,26,1428351,54937,104.0,156.0,150.0,111.3,
San Francisco,Senate faculty,2024,19,958597,50452,76.0,104.7,137.7,114.6,
San Francisco,Senate faculty,2025,25,1402850,56114,100.0,153.2,153.2,118.2,
San Francisco,All admin,2021,788,152605550,193662,100.0,100.0,100.0,100.0,
San Francisco,All admin,2022,813,158156423,194534,103.2,103.6,100.5,107.6,
San Francisco,All admin,2023,833,172161823,206677,105.7,112.8,106.7,111.3,
San Francisco,All admin,2024,892,189440304,212377,113.2,124.1,109.7,114.6,
San Francisco,All admin,2025,907,207742789,229044,115.1,136.1,118.3,118.2,
Santa Barbara,Lecturers (Unit 18),2021,425,18348637,43173,100.0,100.0,100.0,100.0,
Santa Barbara,Lecturers (Unit 18),2022,512,19420894,37931,120.5,105.8,87.9,107.6,
Santa Barbara,Lecturers (Unit 18),2023,482,21344676,44284,113.4,116.3,102.6,111.3,
Santa Barbara,Lecturers (Unit 18),2024,407,22192725,54528,95.8,121.0,126.3,114.6,
Santa Barbara,Lecturers (Unit 18),2025,400,22651797,56629,94.1,123.5,131.2,118.2,
Santa Barbara,Teaching professors,2021,65,9172339,141113,100.0,100.0,100.0,100.0,
Santa Barbara,Teaching professors,2022,62,9056717,146076,95.4,98.7,103.5,107.6,
Santa Barbara,Teaching professors,2023,67,10355560,154561,103.1,112.9,109.5,111.3,
Santa Barbara,Teaching professors,2024,78,12645170,162118,120.0,137.9,114.9,114.6,
Santa Barbara,Teaching professors,2025,86,14661006,170477,132.3,159.8,120.8,118.2,
Santa Barbara,Senate faculty,2021,897,169174230,188600,100.0,100.0,100.0,100.0,
Santa Barbara,Senate faculty,2022,887,172721969,194726,98.9,102.1,103.2,107.6,
Santa Barbara,Senate faculty,2023,904,184487730,204079,100.8,109.1,108.2,111.3,
Santa Barbara,Senate faculty,2024,904,198903930,220026,100.8,117.6,116.7,114.6,
Santa Barbara,Senate faculty,2025,899,204389878,227352,100.2,120.8,120.5,118.2,
Santa Barbara,All admin,2021,285,39517994,138660,100.0,100.0,100.0,100.0,
Santa Barbara,All admin,2022,296,41798002,141209,103.9,105.8,101.8,107.6,
Santa Barbara,All admin,2023,305,46557255,152647,107.0,117.8,110.1,111.3,
Santa Barbara,All admin,2024,313,49631369,158567,109.8,125.6,114.4,114.6,
Santa Barbara,All admin,2025,324,55117495,170116,113.7,139.5,122.7,118.2,
Santa Cruz,Lecturers (Unit 18),2021,465,15408636,33137,100.0,100.0,100.0,100.0,
Santa Cruz,Lecturers (Unit 18),2022,561,17868208,31851,120.6,116.0,96.1,107.6,
Santa Cruz,Lecturers (Unit 18),2023,474,18496356,39022,101.9,120.0,117.8,111.3,
Santa Cruz,Lecturers (Unit 18),2024,467,19195464,41104,100.4,124.6,124.0,114.6,
Santa Cruz,Lecturers (Unit 18),2025,436,19968855,45800,93.8,129.6,138.2,118.2,
Santa Cruz,Teaching professors,2021,34,4609518,135574,100.0,100.0,100.0,100.0,
Santa Cruz,Teaching professors,2022,36,5209588,144711,105.9,113.0,106.7,107.6,
Santa Cruz,Teaching professors,2023,47,6877820,146337,138.2,149.2,107.9,111.3,
Santa Cruz,Teaching professors,2024,52,8382351,161199,152.9,181.8,118.9,114.6,
Santa Cruz,Teaching professors,2025,54,9083874,168220,158.8,197.1,124.1,118.2,
Santa Cruz,Senate faculty,2021,591,96515151,163308,100.0,100.0,100.0,100.0,
Santa Cruz,Senate faculty,2022,598,101567603,169845,101.2,105.2,104.0,107.6,
Santa Cruz,Senate faculty,2023,641,114652774,178865,108.5,118.8,109.5,111.3,
Santa Cruz,Senate faculty,2024,641,124836685,194753,108.5,129.3,119.3,114.6,
Santa Cruz,Senate faculty,2025,636,130201462,204719,107.6,134.9,125.4,118.2,
Santa Cruz,All admin,2021,266,38757063,145703,100.0,100.0,100.0,100.0,
Santa Cruz,All admin,2022,276,42734511,154835,103.8,110.3,106.3,107.6,
Santa Cruz,All admin,2023,305,48423192,158765,114.7,124.9,109.0,111.3,
Santa Cruz,All admin,2024,305,53747664,176222,114.7,138.7,120.9,114.6,
Santa Cruz,All admin,2025,311,56555724,181851,116.9,145.9,124.8,118.2,
