title,count
PLUMBER AST SUPV,1
DISABLED STUDENTS/ADMIN ASSIST,1
TRAINER 1,1
VIS SPECIALIST NEX,1
MUSEUM EDUC SUPV 1,1
ASSOC PROJ SCI-FY-B/E/E NONREP,1
SYSWIDE BUDGET ANL 3,1
VOLUNTEER SVC MGR 1,1
COO INV SVC OCIO,1
VC ENROLL MGMT,1
PROVIDER ENROLLMENT PROFL 4,1
PROSTHETIST ORTHOTIST,1
MGD CARE MGR 3,1
FIRE SPEC 2 40 HRS,1
CHANCELLOR AND DEAN,1
VETERINARIAN 2 GF,1
AUDIOLOGIST SR EX CEH,1
GENETIC CNSLR 3 EX CEH,1
CHF INV OFCR,1
SURVEY RESEARCHER SUPV 2 GF,1
FLEET SVC MGR 1,1
ASSOC ADJ PROF-FY-B/E/E,1
INFECTION PREVENTION MGR 3,1
SHIP OPS SUPV 1,1
CHF INTEGRATION OFCR HC ME,1
ELECTRN AST SUPV,1
TRAVEL MGR 1,1
ASSOC PROF-FY-B/E/E,1
BOAT OPR SR 1,1
ADMISSIONS RECRMT MGR 4,1
PRES BENIOFF CHILDREN HOSP,1
INV FELLOW ANL 1,1
REHAB SVC SUPV 1,1
EMPL DISABILITY SPEC 3,1
CURATOR 4 GF,1
VP IT AND CHF INFO OFCR,1
STATE GOVT REL PROFL 3,1
GENETIC CNSLNG HC MGR 2,1
MANAGING DIRECTOR,1
GENETIC CNSLR 2 EX CEH,1
PRIVACY AND CMPLNC HC MGR 2,1
ASSOC RES-LR SCL-AY-1/9,1
PROVIDER ENROLLMENT MGR 1,1
FINANCIAL SVC ANL 1,1
HOSP BLANK AST 2 PD,1
CONTRACT ADMSTN SUPV 1,1
LEGAL OPS MGR 1,1
SENIOR ACCOUNTANT,1
ASSOC ADJ PROF-SFT-VM,1
LEGAL SVC ADVISOR 1,1
PLNG SUPV 2,1
RECR THER 1 NEX,1
MED CTR LAB MECHN SR,1
FUNDRAISER,1
STATE GOVT REL MGR 2,1
EVP COO,1
PRES SVP CHF MARKET DEV,1
K TO 12 EDUCATOR 5,1
PROSTHETIST ORTHOTIST AST,1
TREASURY ANL 5,1
PSYCHOMETRY SUPV 2,1
MARINE TCHN 1,1
PHYSCN NETWORK DEV MGR 3,1
PAT SFTY MGR 3,1
HEALTH PLAN ADMIN MGR 3,1
SECOND ENGR AST SU,1
ASSOC PROJ SCI-FY NEX NON REP,1
CHF ADM OFCR SOM ME,1
SYS ADMSTN MGR 4,1
TCHN SR VMTH,1
ASST RES-LR SCL-AY-1/9,1
EEG TCHNO PRN PD,1
SIGNMAKER LD,1
SHIP OPS SUPV 2,1
HEALTH INFO MGT SUPV 2,1
ASSOCIATE LAW LIBRARIAN,1
LAUNDRY SUPV 1,1
FIELD RESEARCHER 2 RP,1
K TO 12 EDUCATOR MGR 2,1
ASC VP HS,1
HEALTH EDUCATOR 2 SV,1
COMMUNICATIONS ASSISTANT,1
STEAM OPS ENGR PD,1
EXEC ASST TO THE C&D,1
SYS INTEGRATION ENGR 2,1
VISUAL COMM SPEC 5,1
ENTERPRISE RISK MGR 4,1
ATTORNEY,1
AVP TOTAL REWARDS ME,1
RSCH CMPLNC ANL 4 RP GF,1
HOSP BLANK AID,1
DESIGN AND CONST MGR 4,1
RISK MGT HC PROFL 3 GF,1
RECYCLING REFUSE SVC SUPV 2,1
PROJ SCI-FY NEX NON REP,1
EEG TCHNO PD,1
AST FIRE CHF MGR 1,1
PERFUSION SUPV 2,1
ASSOC RES-LR SCL-AY-B/E/E,1
"ASST, NURSING CERT FVR-1",1
DIETITIAN HC SPEC 4,1
REGISTRAR,1
UCSF EVP CCO ONLY,1
BROADCAST COMM SPEC 2,1
MED CTR BLDG MAINT WORKER LD,1
COMM AND NETWORK TCHL ANL 2,1
AUDIOLOGIST EX CEH,1
COMPENSATION ANL 3 GF,1
ADMIN OFCR 3 CX GF,1
BUS INTEL MGR 4,1
ASSOC RES-FY-B/E/E-NON REP,1
CHARGE DESC MGR 1,1
REHAB SVC MGR 3,1
BUYER,1
PAT REL MGR 3,1
PERFUSION MGR 1,1
AMBUL CARE ADMSTN CRD 3,1
RECORDS SUPV 2,1
WEB DEVELOPER,1
VISUAL COMM SPEC 4 GF,1
FARM MAINT WORKER,1
POPULATION HEALTH SPEC 3 GF,1
LAUNDRY MGR 1,1
REIMB HC ANL 3 GF,1
CLERK SR SECR PD,1
MARINE OPS MGR 4,1
SHIP SCHEDULER 3,1
INTERVENTNL RADLG TCHNO PRN PD,1
FINANCIAL AID OFCR 2 SV,1
DIRECTOR OF ACAD SUPPORT PGM,1
ACT ASST PROF TEACH-AY-B/E/E,1
EMPL DISABILITY MGR 1,1
ANATOMICAL SVC PROFL 2,1
NUC MED TCHNO FUSION SR,1
BEH HEALTH CNSLNG SUPV 1,1
PAT CASHIERING MGR 1,1
DIETITIAN SR CEH,1
AVP EMPL AND LABOR RELATION ME,1
DATABASE TECHNICIAN,1
BOATSWAIN 3 PD,1
ASST CURATOR,1
ASC VP CHF TRANSFMTN OFCR,1
VP RSCH AND INNOV,1
GEN ACCOUNTANT 4 GF,1
PRIVATE EQUITY INV OFCR,1
RSCH GNT PRG MGR 3,1
SR MGN DIR INV OCIO,1
NURSE ANESTHETIST MGR 2,1
WATER DISTRIBUTION MECH 2,1
VIS PROF-HCOMP,1
EXEC VP CFO,1
GLAZIER WORKER LD,1
MED AST 4,1
VP ANR,1
ACADEMIC ADMINISTRATOR VII NEX,1
ACQUISITIONS MGR 1,1
CHF REAL ESTATE OFCR ME,1
HEALTH PLAN ADMIN MGR 4,1
EXEC VP UC HEALTH,1
IRRIGATION MECH LD,1
CAPITAL MARKETS FIN MGR 2,1
PUBL EQUITY INV ANL 3,1
ACADEMIC DEAN,1
ASST SPECIALIST NON REP,1
CEMENT MASON LD,1
PHYSCN NETWORK DEV SUPV 2,1
AST SUPT MGR 2,1
CLINICIAN PD,1
HIGH VOLT ELECTRN APPR,1
SECR OF THE REGENTS,1
DIR EXEC,1
BENEFITS PRG STRAT MGR 4,1
PAT SFTY SUPV 2,1
HEALTH EDUCATOR 4 SV GF,1
ACCOUNTANT I,1
PROF-AY-1/9-B/E/E,1
LOCKSMITH SPEC BC,1
TUMOR REGISTRAR 1,1
LABOR REL MGR 4,1
CHILD LIFE MGR 2,1
CUSTODIAN LEADER,1
CABINET MAKER,1
AUDIT MGR 4,1
TUMOR REGISTRAR 3,1
DATA SYS MGR 3,1
VP SYSWIDE HR,1
DIRECTOR OF DRP,1
ORDINARY SEAMAN 1,1
FOOD SVC MECH LD,1
COMPENSATION MGR 4,1
EVENTS SPEC 3 GF,1
REGL POLICY AND INTEL PROFL 3,1
DESIGN AND CONST MGR 3,1
OPTOMETRIST 3,1
ASST PROF IN RES-SFT-VM,1
BEH HEALTH PSYCHIATRIC MGR 4,1
I&E EQUITY ANL 5,1
DATABASE ADM 3 GF,1
GEN COUNSEL SVP LEGAL AFFAIRS,1
ADDL COMP-HGH&OLIVE VIEW MCS,1
REHAB SVC SHS MGR 1,1
ASC VP FEDERAL GOVT REL,1
RECREATIONAL THER MGR 1,1
REIMB HC SUPV 2,1
LOAN ORIGINATION OFCR 4,1
SYS INTEGRATION MGR 1,1
RECR PRG LEADER 3 BYA,1
IT SCRTY MGR 4,1
BENEFITS MGR 3,1
RSDT ADVISOR,1
WINDOW CLEANER,1
SYSWIDE BUDGET MGR 3,1
MED PHYSICS SPEC 5,1
CLIN ENGR SUPV 1,1
DATATEL SYSTEMS ADMINISTRATOR,1
ASSOC SPECIALIST NON REP,1
CARE ADVOCATE,1
CHIEF FINANCIAL OFFICER,1
NON EVALUATED MSP,1
MEDIA COMM SPEC 3 GF,1
FARM MACH MECH,1
STDT SVC ADVISOR 2 SV,1
CAPITAL MARKETS FIN OFCR 3,1
EMPLOYEE REL REPR 1,1
FIELD VETERINARIAN 4,1
TAX CMPLNC MGR 3,1
PLNG MGR 4,1
AVP PPL STRAT TLNT & CLTRE ME,1
BROADCAST COMM SPEC 1 TX,1
UNIV PROF,1
PHARMACIST 1 PD,1
POLYSOMNOGRAPHY TCHNO TRAINEE,1
NEURO TCHNO SR PD,1
EEG TCHNO SUPV EX,1
BOAT OPR SR 1 PD,1
ADMINISTRATIVE ANALYST,1
RESP CARE SUPV 1,1
CHF LEGL CNSL HEALTH SVC,1
PRIN ADMINISTRATIVE ANALYST,1
PAT NAVGTR CLIN 3 GF,1
ADVISOR TO PRESIDENT ME,1
REGL POLICY AND INTEL MGR 3,1
LEAD ADMIN ASSIST / FAC SUPP,1
LEAVE OF ABSENCE SPEC 4 GF,1
PROFL ENGR 3 GF,1
ASST DEAN,1
BEH HEALTH PSYCHIATRIC PROFL 2,1
CMPTL AND DATA SCI RSCH MGR 3,1
ELECTRN OPR 3 PD,1
ASST PROF OF TEACH-AY-1/9,1
SCRTY SUPV 2 HC,1
LEGAL SECRETARY,1
VOLUNTEER SVC CRD AST,1
LIGHTING TECH LD,1
AGRON AES-SFT-VM,1
VENDOR REL SUPV 2,1
CLIN ENGR MGR 3,1
SVP CSTO UCSF ONLY,1
COO PHYSCN NETWORK,1
ALARM ELECTRN LD,1
EMPLOYMENT MGR 3,1
OPS ROOM SUPP AST PD,1
EXHIBITIONS SUPV 1,1
ACT ASST PROF OF TEACH-AY,1
UCDC EDUCATOR - FY,1
RES-FY-B/E/E NEX NON REP,1
FIRE ALARM TCHN LD,1
CLIN REGIS MGR 1,1
ASSOC CURATOR,1
MED STF SVC MGR 3,1
ACT ASSOC PROF TEACH-AY-B/E/E,1
ART THERAPIST 3 NEX,1
EHS MGR 4,1
EXEC AST 4 GF,1
I&E EQUITY ANL 4,1
SUSTAIN MGR 1,1
ASSOC LAW LIBRARIAN,1
CHILD DEV DEMO LECT,1
ABLE SEAMAN 2 SU,1
MED LAB TCHN PD,1
IT SCRTY ANL 3 GF,1
COMM MGR 3,1
TCHL PROJECT MGT PROFL 3 GF,1
SYS INTEGRATION ENGR 1,1
PHYSCN NETWORK DEV SPEC 5,1
LEAVE OF ABSENCE SUPV 2,1
RECYCLING REFUSE SVC MGR 1,1
INSPECTION MGR 3,1
FACULTY ADMIN TRANSITION LV-AY,1
INSP SUPV 2,1
ASC VP CAP PRG SUSTAIN,1
LIBRARIAN-TEMP STATUS,1
ASC VP CHF CLIN STRAT OFCR,1
REGL AND CMPLNC HC MGR 4,1
SURVEY RESEARCHER SUPV 1,1
BENEFITS PRG STRAT MGR 3,1
FLD WK CONSULT-FY,1
INFECTION PREVENTION MGR 2,1
PUBL ADMSTN ANL SR,1
REAL ESTATE INV ANL 2,1
SUPPLY CHAIN MGR 3,1
ASC VP STATE GOVT REL,1
MED STF SVC SUPV 1,1
GSR-FELLOWSHIP-TUIT&FEE REM,1
DRAFTING TCHN,1
SENIOR CAREER COUNSELOR,1
MARKETING MGR 3,1
VC ACAD PERSONNEL,1
STATE GOVT REL PROFL 2,1
MED INTERPRETER SVC MGR 1,1
CLIN DOC MGR 3,1
FUNDRAISING SUPV 1,1
ADMIN ANL SR,1
HOSP MED TRANSCRIBER PD,1
PRIVACY AND CMPLNC HC PROFL 2,1
SYSWIDE ACAD PROG ANL 4,1
RESID PHYS/SUBSPEC/T32/NON REP,1
ASSOC SPECIALIST NEX NON REP,1
SYSWIDE BUDGET MGR 2,1
REGISTERED NURSE LOM-G,1
ACADEMIC COORD III-FY NEX,1
MEDIA COMM MGR 3,1
PHOTOGRAPHER,1
VP IR AND ACAD PLNG,1
RES-LR SCL-AY-1/9-B/E/E,1
POLICE SVC SUPV 2,1
EEO MGR 1,1
SYSWIDE ACAD PERSONNEL MGR 4,1
BUSINESS & FINANCIAL ANALYST,1
MED CTR COOK AST,1
MED CTR ELECTR TCHN TRAINEE,1
BIOINFORMATICS PROGR 2 RP,1
CONTROLLER,1
LAUNDRY MACH OPR,1
BOAT ENGR,1
MAIL SVC MGR 1,1
REGL AND CMPLNC HC SPEC 1,1
PAT RCDS ABSTRACTOR 2 PD,1
ACT/INTERIM ASSOC VICE CHANC,1
ASST ADJ PROF-FY-B/E/E,1
CHILD LIFE TEACHER 1 PD,1
EMPLOYEE REL MGR 3,1
RES (WOS),1
SYS ADM 3,1
MED CTR DEV TCHN 3,1
SUPT MGR 3,1
ANESTHESIA TCHN 3 PD,1
SVP CCAO,1
INSULATION WORKER,1
BUS TCHL SUPP ANL 2,1
LOAN SVC MGR 1,1
ASC VP CRO,1
HOSP BLANK AST 3 PD,1
MED CTR LAB MECHN HELPER,1
SYSWIDE ACAD HR MGR 3,1
OCCUPATIONAL THER 2 EX CEH,1
GENETIC CNSLNG HC MGR 1,1
THIRD ENGR AST SU,1
ACCOUNTING TECHNICIAN,1
"EXECUTIVE DIRECTOR, OPERATIONS",1
ASC VP SYSWIDE CONTROLLER,1
SCRTY TCHN LD,1
WATER AND WASTEWATER OPR APPR,1
PLT OPR LD,1
SPEC,1
QLTY IMPV HC MGR 3,1
CHF MC ADM HC ME,1
STDT LIFE DEV SPEC 4 GF,1
ASST PROF OF TEACH-HCOMP,1
ASC VP BUDGET ANL PLNG,1
STDT 3 WKSTY,1
ALUMNI/EXTERNAL REL SPEC II,1
PROF IN RES-AY-1/9,1
NEURO TCHNO PD,1
MED DIR STDT HEALTH,1
WRITTEN COMM MGR 2,1
ADMIN NURSE 2 NEX,1
VC COMMUNITY & GOVT REL,1
INTERN-CLINICAL PSYCHOLOGY,1
CNSLNG PSYCHOLOGIST 3 HX CEH,1
CLINICIAN SCHED UNSCHED,1
CHF HR OFCR CAMPUS ME,1
ACUPUNCTURIST 3 HX GF,1
ASC VP CPO,1
PARKING AND TRANSPORT MGR 4,1
SYSWIDE ACAD HR MGR 2,1
INSULATION WORKER LD,1
ASC VP CFPA,1
DENTAL HYGIENIST PD,1
INFECTION PREVENTION SUPV 2,1
TEACHING ASSISTANT III,1
PATHOLOGY AST 3 HX GF,1
VIS LIBRARIAN,1
REGISTRAR COLL SUPV 1,1
ASST ADJ PROF-SFT-VM,1
SPIRITUAL CARE HC MGR 2,1
SIGNMAKER SUPV AST,1
VISITING ASSISTANT PROF OF LAW,1
USER EXP DESIGNER SUPV 2,1
VIS SPECIALIST,1
BUS DEV PROFL 3,1
TAX CMPLNC SUPV 1,1
VP GUEA,1
CLIN SPEC SUPV EX,1
BENEFITS ANL 1,1
CLIN RSCH MGR 3,1
OCCUPATIONAL THER CERT AST 1,1
ASSOC COORD PUBLIC PROG NEX,1
PHYS THER AST 1,1
HVY DUTY EQUIP TCHN AST,1
GSR-FULL TUIT&PARTIAL FEE REM,1
ALUMNI EXTERNAL REL MGR 4,1
MED RCDS ADM,1
PATHOLOGY AST 2,1
PROJECTIONIST,1
CLIN REGIS MGR 2,1
FUNDRAISER 3 GF,1
REIMB HC MGR 2,1
CONCIERGE MGR 2,1
LOAN ORIGINATION MGR 2,1
BENEFITS ANL 5,1
PAT TRANSPORT TCHN 1 PD,1
TREASURY ANL 2,1
VP NATIONAL LAB,1
ACAD ACHIEVEMENT MGR 2,1
PRIVATE EQUITY INV DIR,1
AEROSPACE ENGR 5 RP,1
SVP EXTERNAL REL AND COMM,1
EXHIBITIONS MGR 1,1
GEOGRAPHIC INFO SYS PROGR 2 RP,1
CLIN DOC SPEC 3 HX GF,1
GENERAL COUNSEL/BOARD SCRTRY,1
CAREER SVC SPEC 5,1
ASSOC PROF-AY-1/9,1
CHF STRAT OFCR HC ME,1
INV RISK DIR,1
CIO MED CTR,1
REHAB SVC SPEC 4,1
CHIEF INFORMATION OFFICER,1
SPRINKLER FITTER LEAD,1
ASSOC LIBRARIAN-TEMP NEX,1
DIRECTOR OF ALUMNI,1
ACADEMIC ADMINISTRATOR V NEX,1
ASSOC PROF OF TEACH-AY-1/9,1
MED LIBRARY HC PROFL 3,1
NOTETAKER I - DISABLED STDNTS,1
PROVOST EXEC VP ACAD AFFAIRS,1
CHF COMM OFCR ME,1
STDT LIFE DEVT SUPV 2 GF,1
ASSOC DIRECTOR,1
MED CTR PARKING REPR LD,1
ALUMNI/EXTERNAL REL SPEC I,1
GEFFEN K-12 INSTRUCTOR-AY-1/10,1
LEOP/LWR TUTOR,1
IRRIGATION AST SUPV,2
MAINT B LD,2
DEPARTMENT CHAIR,2
TRANSIT SVC MGR 2,2
SR LECT-FY-CONTINUING,2
RADLG SHS SUPV 2,2
VIS PROJ SCIENTIST NEX,2
SPEECH PATHOLOGIST 3 HX CEH,2
CONTINUING APPT-TEMP-AUG-1/10,2
CAPITAL MARKETS FIN OFCR 4,2
ADMISSIONS RECRMT SPEC 2 SV,2
RAD THER MGR 2,2
ACADEMIC PROGRAM COORDINATOR,2
GLAZIER,2
LIBRARY PROFL 3,2
PROJ SCI-FY-B/E/E NON REP,2
CLIN DOC SPEC 2 HX,2
PRIVATE EQUITY MGR 3,2
ANGIOGRAPHY TCHNO SR,2
PERFUSIONIST PD,2
PROCUREMENT SUPV 2 GF,2
PROCUREMENT MGR 3,2
LACTATION CONSULTANT 3 PD,2
USER EXP DESIGNER 5 TX,2
ATH TRAINER 2 HX,2
ACQUISITIONS EDITOR 5,2
LOCKSMITH SPEC,2
CATH LAB RADLG TCHNO PRN,2
ATH MGR 3,2
PROVIDER ENROLLMENT PROFL 3,2
EMPLOYMENT SUPV 1,2
PHYS PLT MECH 2,2
LOAN SVC ANL 2,2
MACHINIST WORKER LD,2
FINANCIAL AID SUPV 2 GF,2
SPORTS MED ATH TRAINER SUPV 2,2
FOOD SVC MECH AST,2
PROSPECT DEV SPEC 5,2
SUPPLY CHAIN MGR 4,2
PAT SUPP CALL CTR MGR 1,2
ATH MGR 3 BYA,2
RECORDS MGR 1,2
SHEETMETAL WORKER LD,2
VIS ASSOC RES NEX,2
MARINE MECHN,2
SYSWIDE ACAD PERSONNEL ANL 3,2
DATATEL USER SUPPORT ANALYST,2
PROJECT POLICY ANL 3 RP GF,2
CHF INFO EXEC ME,2
ENERGY MGT SUPV 2,2
TRAINING DEV MGR 3,2
PAYROLL ANL 5,2
BUS TCHL SUPP MGR 3,2
EXEC ADVISOR 3 GF,2
SPIRITUAL CARE HC SPEC 1,2
GEOGRAPHIC INFO SYS SUPV 2,2
REAL ESTATE MGR 2,2
REIMB HC ANL 4 GF,2
PHYS THER 4,2
HOME HEALTH SUPV 2,2
FLD WK CONSULT-AY-CONTINUING,2
LANDSCAPE GROUNDS MGR 1,2
HS ASSOC CLIN PROF-SFT-VM,2
MAINT MECH PD,2
MARINE COOK 3 PD,2
GEOGRAPHIC INFO SYS PROGR 4,2
ACCOUNTING MGR 4,2
ACCESS REPR SR PD,2
COMPENSATION SUPV 2,2
ACQUISITIONS MGR 2,2
PIANO TCHN,2
PROF-AY-1/9,2
AUTO TCHN AST,2
NURSE ANESTHETIST SUPV 2 NEX,2
FIXED INCOME INV MGR 3,2
MAINT A LD,2
RES-LR SCL-FY,2
CLIN IMG IT SPEC 1,2
STATE GOVT REL PROFL 5,2
TRANSLATOR TCHL,2
STDT HEALTH PHYSCN 3,2
PHOTOGRAPHIC TCHN SR,2
STOREKEEPING SUPV 2,2
ACT/INTERIM VICE PROVOST,2
STDT ACAD ADVISOR 2 SV,2
CONTRACT ADM 1,2
INFO SYS HC MGR 3,2
ASST PROF IN RES-FY,2
ACUPUNCTURIST 3 GF,2
LOAN ORIGINATION MGR 1,2
STEAM OPS ENGR APPR,2
PROCUREMENT MGR 4,2
KEY ENTRY OPR LD,2
STDT SVC SUPV 2 GF,2
TCHL PROJECT MGR 3,2
EEO REPR 5,2
INV RISK OFCR,2
COORD FLD WK-FY-CONTINUING,2
LIBRARIAN,2
TRAVEL MGT OFCR 3,2
CLIN NURSE EDUC 2,2
TREASURY MGR 2,2
TREASURY MGR 1,2
MED CTR BLDG MAINT WORKER,2
RSCH CMPLNC ANL 4 GF,2
UTILIZATION MGT MGR 2,2
EXHIBITIONS SUPV 2,2
GOVT REL MGR 2,2
ASST RES-FY-B/E/E-NON REP,2
PROD CNTRL SUPV 2,2
ROOFER LD,2
UTILIZATION MGT SUPV 2,2
FINANCIAL ANL HC MGR 4,2
AV IT ENGR 3,2
EDITOR AST,2
ILLUSTRATOR SR,2
PSYCHOLOGIST 1 CEH,2
PAT REL SUPV 1,2
MED OFC SVC CRD 3 PD,2
ELECTRN APPR,2
FACULTY ASST TO CHANC,2
VENDING MACH TCHN,2
CTRL UTILITY PLT OPR LD,2
POPULATION HEALTH SPEC 3,2
DATA SYS ANL 3 GF,2
DIETITIAN 1 NEX,2
CLIN OPS SHS ADM 4,2
ASST PROF-AY-1/9-B/E/E,2
EMPLOYEE REL MGR 2,2
IT ARCHITECT MGR 3,2
PAT SUPP CALL CTR SUPV 1 NEX,2
FINANCIAL SVC SUPV 2 GF,2
VC AND DEAN MARINE SCI,2
OPTOMETRY MGR 1,2
POPULATION HEALTH MGR 3,2
ECHOCARDIOGRAPHIC TCHN,2
CLIN IMG IT SUPV 2,2
DATABASE SUPV 2,2
ATH TRAINER 4 HX,2
BENEFITS PRG STRAT MGR 1,2
ADMIN ANL,2
PROF IN RES-SFT-VM,2
LIBRARY AST 1,2
AEROSPACE ENGR 5,2
COORD FLD WK-FY,2
MED OFC SVC CRD 1,2
CLIN IMG IT SPEC 5,2
REGISTERED NURSE LAK-1,2
NUC MED TCHNO PRN,2
CONTRACT ADMSTN SUPV 2,2
BUS SYS ANL MGR 3,2
RSCH CMPLNC ANL 2 RP,2
DESIGN AND CONST MGR 1,2
REHAB SVC SPEC 5,2
BEH HEALTH PSYCHIATRIC MGR 3,2
FACULTY RECRUITMENT ALLOW,2
SYSWIDE BUDGET ANL 4,2
EDUC TCHL MGR 2,2
HOSP MED TRANSCRIBER SR PD,2
VOLUNTEER SVC SUPV 1,2
VC STRAT COMM,2
ANGIOGRAPHY TCHNO LD,2
STIPEND-OTH POST-MD TRAIN,2
SPORTS MED ATH TRAINER 4,2
CHILD DEV DEMO LECT-CONTINUING,2
COMPUTER LAB ASSISTANT,2
VIS ASSOC SPECIALIST NEX,2
NEURODIAGNOSTIC SVC MGR 2,2
MATERIALS MGT HC MGR 4,2
ORGANIZATIONAL DEV SUPV 2,2
MED CTR DEV TCHN 2,2
STDT SVC ADVISOR 5,2
FARM MACH MECH AST,2
PROJECT MGT PROFL 3 RP GF,2
PROJECT MGT PROFL 5,2
MUSEUM PREPARATOR,2
ATH SUPV 1,2
EMERGENCY MED TCHN,2
PUBL EDUC SPEC 3 GF,2
ASST RES-FY-B/E/E NEX,2
SYSWIDE BUDGET ANL 5,2
QLTY IMPV HC SUPV 1,2
MED RCDS AST,2
MARINE TCHN 3 NEX,2
PAT REL PROFL 4,2
PUBLICATIONS PROD MGR 2,2
MARKETING HC MGR 4,2
PROFL ENGR MGR 2,2
FUNDRAISING HC MGR 4,2
FAC PROJECT MGT SPEC 3 GF,2
"ASSOCIATE DIRECTOR, PER DIEM",2
THIRD ENGR AST,2
SPORTS MED ATH TRAINER 3,2
PRIVACY AND CMPLNC HC PROFL 5,2
EMPLOYMENT SUPV 2,2
AEROSPACE ENGR 2,2
AMBUL CARE ADMSTN CRD 4 CX CEH,2
SYSWIDE ACAD PERSONNEL ANL 4,2
NURSE PRACT SHS SUPV 2,2
DESIGN AND CONST MGR 2,2
COMM AND NETWORK TCHL ANL 3 GF,2
ASSOC ADJ PROF-AY-1/9-B/E/E,2
NURSE PRACT MGR 1,2
WRITER EDITOR 5,2
ACCESS AND ENGMT PROFL 2,2
MUSIC THER 2 EX,2
VISUAL COMM MGR 1,2
NTRTN AND DIETARY HC MGR 3,2
PROCUREMENT ANL 4 GF,2
CARDIOVASCULAR MGR 3,2
CHF HR OFCR HC ME,2
PERFUSIONIST PRN EX,2
BROADCAST COMM SPEC 2 TX,2
CHF PHARMACY EXEC ME,2
RES-LR SCL-AY-1/9,2
EXECUTIVE ASSISTANT,2
OPTOMETRIST 4,2
MASON LD,2
ACT ASSOC PROF-AY-B/E/E,2
PAT SFTY MGR 2,2
LOAN SVC ANL 4,2
BUS INTEL MGR 3,2
RAD THER MGR 3,2
EXECUTIVE DIRECTOR - HR,2
MED PHYSICS SUPV 2,2
IP OFCR 1,2
ASSOC PROF IN RES-FY,2
PAT SFTY PROFL 5,2
LIBRARY BOOKBINDER SR,2
CURRICULUM PLNR 4,2
FEDERAL GOVT REL MGR 2,2
REIMB HC ANL 1,2
RISK MGT HC MGR 3,2
PERSONNEL ANALYST,2
ADJ PROF-AY-1/10-BEE,2
REGL POLICY AND INTEL MGR 2,2
MAIL PROCESSOR PRN,2
SOCIAL WORK SHS MGR 1,2
PROJECT POLICY ANL 1 RP,2
CAREER COUNSELOR,2
LIBRARY ASSISTANT V,2
CARPENTER APPR,2
ASSOC LIBRARIAN-TEMP STATUS,2
SIGN MAKER SPEC BC,2
BUS DEV PROFL 5,2
HVY OFFROAD EQUIP MECH,2
ART THERAPIST,2
SYS ADMSTN MGR 3,2
CUSTOMER SVC MGR 3,2
COUNSEL 2,2
ACAD PERSONNEL MGR 2,2
INSTITUTIONAL RSCH MGR 3,2
FACULTY ASST TO PROVOST/DEAN,2
QLTY IMPV HC MGR 4 MD,2
COMM HC MGR 4,2
REIMB HC MGR 1,2
PAT BILL AND COLL SUPV 2 GF,2
EXEC AST 3 CX CEH,2
SVC ENGR LD,2
RESID PHYS MOONLTG NON REP,2
OPS ROOM EQUIP SPEC 1,2
CONTINUING APPT-TEMP AUG-FY,2
ANES OR CLIN SUPP SUPV 2,2
IP SUPV 2,2
DECISION SUPP SUPV 2,2
BOATSWAIN 3 SU,2
CHILD LIFE TEACHER 3,2
CHILD LIFE TEACHER 2,2
PAT RCDS ABSTRACTOR 3 PD,2
TRANSPLANT SUPV 2,2
DIETITIAN 2 CEH,2
CONST INSP ASC,2
STDT INTERN HS NON UC,2
QLTY AND PERF METRICS ANL 4,2
ASSOC PROF IN RES-AY-B/E/E,2
SYSWIDE ACAD PERSONNEL ANL 5,2
SCRTY MGR 2,2
PRESIDENT OF THE UNIV,2
CMPTL AND DATA SCI RSCH SPEC 1,2
PUBL EQUITY INV OFCR,2
ASST RES-FY NEX NON REP,2
IP MGR 4,2
QLTY IMPV HC SPEC 3 HX GF,2
PAT CASHIERING SUPV 1 EX,2
ASST PROJ SCI-FY NON REP,2
CHF INFO OFCR CAMPUS ME,2
BENEFITS SUPV 1,2
TRUCK DRIVER LD,2
STUDENT SERVICES PROGRAM COORD,2
RES SCRIPPS-AY,2
REPROGRAPHICS TCHN,2
DELIVERY WORKER,2
FIELD VETERINARIAN 2,2
CAREER SVC MGR 3,2
HOME HEALTH NURSE PD,2
VC BUS DEV INNOV AND PARTNER,2
VENDOR REL MGR 1,2
CLIN APPLICATIONS PROFL 1,2
BOATSWAIN 3,2
PROJECT MGT PROFL 5 RP,2
STDT DISABILITY MGR 2,3
EEG TCHNO SR PD,3
ETHICS AND CMPLNC PROFL 1,3
RSCH ADM 4 RP GF,3
ENERGY MGR 1,3
AUDIOLOGIST PD,3
ASSISTANT DEAN (STAFF),3
CHARGE DESC ANL 3,3
FLOORING INSTALLER LD,3
HEALTH PROFNS EDUC SPEC 4 CX G,3
WRITTEN COMM MGR 1,3
COACH AST 1,3
K TO 12 EDUCATOR MGR 1,3
CLIN REGIS SUPV 2,3
MEETING ROOM CAPTAIN 3 A,3
USER EXP DESIGNER 4,3
INDUSTRY ALLNS MGR 3,3
IRRIGATION SPEC LD,3
STDT HEALTH DENTIST 3,3
TUMOR REGISTRAR 2,3
AMBUL CARE ADMSTN CRD 4 GF,3
PHOTOGRAPHER SR,3
VETERINARIAN 5,3
ACCOUNTANT,3
POLYSOMNOGRAPHY TCHNO SR PD,3
PAT NAVGTR NON-CLIN SUPV 2 GF,3
ANESTHESIA TCHN LD,3
VC HEALTH SCIENCES,3
PROFL ENGR 5,3
LIBRARY PROFL 4,3
MED CTR STOREKEEPER PD,3
BROADCAST COMM MGR 1,3
CLIN REGIS ANL 4,3
ACT PROF-AY,3
ENERGY MGR 2,3
MUSEUM ATTENDANT,3
SYS INTEGRATION ENGR 3,3
BUS INTEL SPEC 3 GF,3
VIS RES NEX,3
POPULATION HEALTH SPEC 5,3
HOUSE SHIFT ADMIN 4 NEX,3
SYS INTEGRATION SUPV 2,3
RADLG TCHNO TRAINEE,3
REGL POLICY AND INTEL PROFL 5,3
HVAC AST SUPV,3
CLIN DOC SUPV 2,3
DIETITIAN 1 PD,3
SYS INTEGRATION ENGR 2 TX,3
FIRE ALARM TCHN,3
ABSOLUTE RETURNS INV DIR,3
SYS ADMSTN SUPV 1,3
ASSOC LIBRARIAN-CAREER NON REP,3
SURVEY RESEARCHER SUPV 2,3
CLIN LAB SHS SUPV 2,3
ALUMNI/EXTERNAL REL SPEC III,3
ORTHOPTIST SR,3
HOME HEALTH MGR 2,3
ELEVATOR MECH LD,3
POLICE SERGEANT SUPV 2,3
COMM AND NETWORK TCHL MGR 3,3
ELECTRN SPEC,3
BROADCAST COMM SPEC 1,3
DESIGN AND CONST HC MGR 3,3
CLIN INFORMATICS MGR 4 MD,3
PERFUSION SUPV 2 EX,3
ADMISSIONS RECRMT SPEC 5,3
SENIOR RECORDS TECHNICIAN,3
ADMIN NURSE SHS PROFL 4,3
ADJ PROF-FY-B/E/E,3
OCCUPATIONAL THER CERT AST PD,3
ASSOC LIBRARIAN-POTLCAR NONREP,3
INSTRUCTIONAL DESIGNER 1,3
CUSTODIAN PD,3
PHYSCN SHS MGR 3,3
DESIGN AND CONST MGT SPEC 5,3
TAX CMPLNC ANL 4,3
ACT PROF-HCOMP,3
PROJECT POLICY ANL MGR 3,3
MAIL CLERK,3
CHF FINANCIAL OFCR HC ME,3
"DIRECTOR, PER DIEM",3
FEDERAL GOVT REL PROFL 5,3
INFO SYS ANL 3 GF,3
QLTY AND PERF METRICS MGR 1,3
GENETIC CNSLR PD,3
REPROGRAPHICS TCHN SR,3
CHF INFO OFCR HC ME,3
INSTRUCTIONAL DESIGNER 4 GF,3
PREUSS K-12 COUNSELOR-AY,3
CUSTODIAL MGR 2,3
CONTRACTS AND GRANTS SUPV 2 GF,3
RESIDENTIAL SVC MECH LD,3
HOSP RAD PHYSICIST AST,3
RECORDS SUPV 1,3
EMPL DISABILITY SPEC 4,3
NETWORK & SYSTEMS ENGINEER,3
PAT NAVGTR CLIN 4,3
PRIVATE EQUITY INV ANL 3,3
RECALLED PROFESSOR OF LAW,3
STUDIO PROJECTIONIST,3
ABSOLUTE RETURNS INV MGR 3,3
CEMENT MASON,3
LIFT TEAM TCHN LD 3,3
ANGIOGRAPHY TCHNO PD,3
PAT SUPP SVC MGR 2,3
DATA SYS MGR 4,3
CLIN INFORMATICS MGR 4 NMD,3
HS ASST CLIN PROF-SFT-VM,3
STDT LEGAL SVC ADVISOR 4,3
BIOINFORMATICS PROGR 5,3
RISK MGT HC PROFL 5,3
PHYSCN NETWORK DEV MGR 2,3
PLNG SPEC 2,3
REGISTRAR COLL MGR 1,3
FINANCIAL SVC ANL 4 GF,3
DOSIMETRY SUPV 2,3
EHS SPEC 1 NEX,3
UTILIZATION MGT MGR 1,3
PAYROLL SUPV 2 GF,3
ATH TRAINING MGR 1,3
PAT CARE DIALYSIS TCHN PD,3
CLIN APPLICATIONS MGR 4,3
COORDINATOR,3
FEDERAL GOVT REL PROFL 3,3
RADLG AST 2,3
INSTRUCTIONAL DESIGN MGR 2,3
NTRTN AND DIETARY HC SUPV 1,3
PRES ADULT SVC,3
REFRIGERATION MECH LD,3
FIRE AND SCRTY SYS SUPV AST,3
CHILD LIFE MGR 1,3
RESP THER PD,3
DIALYSIS PROFL 4,3
POLYSOMNOGRAPHY TCHNO,3
CLIN NURSE EDUC MGR 1,3
EHS TCHN,3
PAINTER WORKER LD,3
RSCH GNT PRG MGR 1,3
NUC MED MGR 1,3
SECOND ENGR AST,3
TREE TRIM LD,3
ENTERPRISE RISK MGT ANL 1,3
TCHL PROJECT MGT PROFL 1,3
UNCLASSIFIED,3
MARINE COOK 2,3
CHILD LIFE SUPV 2,3
QLTY IMPV HC MGR 4 NMD,3
CAREER SVC SPEC 2 SV,3
STDT RSDNC HALLS LD,3
NUC MED MGR 2,3
CNSLNG THERAPIST 2 HX GF,3
QLTY IMPV HC SPEC 5,3
RECR MGR 2,3
CASE MGR SR CEH,3
BEH HEALTH PSYCHIATRIC PROFL 3,3
SURVEY RESEARCHER 4 RP,3
ASST RES-LR SCL-AY,3
PUBL EVENTS MGR AST,3
ACT ASST PROF-AY,3
PLUMBER SPEC,3
OCCUPATIONAL THER 1 EX,3
VIS ASSOC PROJ SCIENTIST,3
PAYROLL ANL 1,3
HEALTH PROFNS EDUC MGR 3,3
REHAB AID 1,3
RSCH GNT PRG OFCR 5,3
PLUMBER APPR,3
GOVT REL MGR 1,3
VOLUNTEER SVC SUPV 2,3
VC AND DEAN SOM,3
STY ENGR WORKER LD,3
ADJ PROF-SFT-VM,3
PROSPECT DEV MGR 2,3
SPRINKLER FITTER,3
RES-FY-B/E/E NEX,3
SPORTS MED ATH TRAINER 2 HX,3
LAB GLASSBLOWER PRN,3
FIRE CAPTAIN 40 HRS,3
IT ARCHITECT 3 GF,3
LIBRARY BOOKBINDER,3
HR AST 2,3
PROF EMERITUS(WOS),3
AV IT ENGR MGR 1,3
VOC REHAB SUPV 2,3
PROJECTIONIST SR,3
STDT ACAD MGR 2,3
MATERIALS MGT HC MGR 3,3
RECR THER PD,3
FAC MGR 4,3
ENROLLMENT MGR 4,3
STRAT SOURCING MGR 3,3
PERF ARTS MGR 2,3
CURATORIAL SUPV 2,3
LINEN SVC HEAD SR,3
FLD WK SUPV-AY,3
VC IT CIO CAMPUS,3
K TO 14 ACAD PREP MGR 3,3
STF PHARMACIST 1 EX,3
PROJECT POLICY ANL 3 GF,3
SRA 5,3
ASC VP BUS OPS ANR,3
PHYS THER 1 EX,3
ASST AGRON AES,3
ASST LAW LIBRARIAN,3
PHARMACIST SR NEX,3
REG DENTAL AST EXTD FUNC,3
EMBRYOLOGIST 3,3
OPS ROOM AST PD,3
QLTY AND PERF METRICS SUPV 2,3
BUS TCHL SUPP MGR 2,3
PLUMBER PIPEFITTER WORKER LD,3
CURATOR,3
RECYCLING REFUSE SVC SUPV 1,3
CSO MED CTR,3
STRAT SOURCING PROFL 2,3
HS CLIN PROF-AY,3
CHARGE DESC ANL 4 GF,3
BENEFITS MGR 2,3
TRANSIT SVC MGR 1,3
APPLICATIONS PROGM MGR 3,3
CUSTODIAN SR PD,3
HEALTH INFO MGT MGR 3,3
FLD WK CONSULT-FY-CONTINUING,4
TREASURY ANL 3,4
TRAVEL MGT OFCR 4,4
CARE MGR 3,4
PAT NAVGTR NON-CLIN 4,4
CLIN APPL TRAINER 5,4
CHF HR EXEC ME,4
MED CTR STOREKEEPER SR LD,4
HEALTH TCHN 1,4
ZONE LD,4
ORGANIZATIONAL CNSLT 2,4
ADMIN ANL PRN 1,4
SECOND OFCR,4
SALES SUPV 2,4
CNO MED CTR,4
PRODUCT DEV PROFL 2,4
MGD CARE SUPV 2,4
ACAD HR MGR 3,4
EQUIP OPS ENGR,4
ACCESS REPR PRN PD,4
REG DIETETIC TCHN PD,4
MRI TCHNO SR PD,4
BEH HEALTH COUNSELOR 4,4
LABOR REL MGR 3,4
MED RCDS TCHN AST PD,4
MAMMOGRAPHY TCHNO LD,4
INFECTION PREVENTION CRD 5 HX,4
THIRD ENGR AST PD,4
NEURODIAGNOSTIC SVC SPEC 4,4
"RESIDENT, LAK",4
RES-LR SCL-AY-B/E/E,4
RECORDS ANL 4,4
EMPLOYEE REL REPR 2,4
PAT SFTY MGR 1,4
EEO REPR 2,4
CYTO TCHNO PD,4
ASSOC RES-LR SCL-AY,4
K TO 14 ACAD PREP SUPV 1,4
PHARMACIST 5,4
REGISTRAR SUPV 1,4
CAREER SVC SUPV 1,4
MEDIA COMM SUPV 2,4
ASSOC PROF OF CLIN-FY,4
EEO REPR 4,4
PAT CARE DIALYSIS TCHN 2 PD,4
EXHIBITIONS SPEC 4 RP,4
DESIGN AND CONST MGT SPEC 2,4
MED CTR STOREKEEPER AST,4
PHARMACY MGR 4,4
PROJ SCIENTIST-FY-B/E/E NEX,4
FIRST OFCR PD,4
REAL ESTATE MGR 3,4
HEALTH SCIENCES SUPV 2,4
AEROSPACE ENGR 3,4
FARM SEASONAL WORKER PD,4
LABOR REL REPR 2,4
FIRST OFCR,4
STDT ADVISOR MGR 2,4
PAT NAVGTR CLIN 5,4
HC ADM SHS MGR 2,4
SPIRITUAL CARE HC MGR 1,4
PAT REL MGR 4,4
AV IT ENGR 4,4
COMPUTER SUPPORT SPECIALIST,4
TREASURY ANL 4,4
PAT REL SUPV 2,4
SOCIAL WORK HC MGR 2,4
STATE GOVT REL PROFL 4,4
TECH SUPP ANL 3,4
AMBUL CARE ADMSTN CRD 3 CX CEH,4
INFECTION PREVENTION CRD 5,4
MARINE MECHN PRN,4
PROF OF TEACH-HCOMP,4
IT ARCHITECT SUPV 2,4
ACUPUNCTURIST 3,4
BROADCAST COMM SPEC 3,4
PATHOLOGY AST 3,4
GEOGRAPHIC INFO SYS PROGR 4 RP,4
ART MODEL,4
RSCH DATA ANL 5,4
ACCESS AND ENGMT MGR 2,4
PUBL EDUC SPEC 5,4
TEACHG FELLOW-NON GSHIP,4
ENTERPRISE RISK MGR 3,4
ACCOUNTING MGR 4 HC,4
ADVOCACY MGR 1,4
RADLG SVC MGR 3,4
CLIN LAB SHS MGR 1,4
CURATORIAL MGR 3,4
FIRST ENGR AST,4
PAT NAVGTR CLIN 3,4
PUBL ADMSTN ANL,4
HEALTH PROFNS EDUC SUPV 2 GF,4
RISK MGT HC MGR 2,4
ALUMNI EXTERNAL REL SUPV 1,4
LINEN SVC HEAD WORKER,4
WRITTEN COMM SUPV 2,4
ADMIN OFCR 4 CX GF,4
TRANSIT SVC SUPV 2,4
ACT ASST PROF-AY-B/E/E,4
CHILD DEV CTR TEACHER 1 PD,4
PHYSCN ADM 3,4
BIOINFORMATICS PROGR 3 GF,4
CONSERVATOR 4,4
STDT INTERN PD,4
MED CTR ELECTR TCHN PRN,4
CASE MGT HC MGR 3,4
CLIN IMG IT SPEC 2,4
RECR THER 2 EX,4
CMO MED CTR,4
RISK MGT HC PROFL 2,4
FIRST ENGR AST PD,4
DEPUTY GEN COUNSEL,4
ASST AGRON AES-AY-B/E/E,4
OPTOMETRIST SR HX,4
ENERGY MGT ANL 5,4
PROCUREMENT ANL 1,4
MASSAGE THERAPIST 2,4
REGISTRAR MGR 2,4
APPLICATIONS PROGR 3 GF,4
STDT ACAD SPEC 1,4
PROJECT POLICY ANL SUPV 2 GF,4
EQUIP OPR,4
BENEFITS PRG STRAT ANL 5,4
TAX CMPLNC ANL 3,4
REAL ESTATE MGR 1,4
ORTHOPEDIC TCHN PRN,4
PHARMACY RESIDENT PGY I FVR,4
MANAGER,4
ENERGY MGT ANL 2,4
ADMIN OFCR 4 GF,4
COO MED CTR,4
MARINE COOK 3,4
MAMMOGRAPHY TCHNO SR PD,4
REGISTRAR COLL SUPV 2,4
BENEFITS PRG STRAT ANL 3,4
SENIOR PROCTOR,4
EXHIBITIONS SPEC 4,4
NUC MED TCHNO PD,4
NTRTN AND DIETARY HC MGR 2,4
GEOGRAPHIC INFO SYS PROGR 1,4
MED CTR STORES WORKER,4
LIBRARY MGR 2,4
READER-NON GSHIP/NON REP,4
EMERGENCY TRAUMA TCHN SR PD,4
CHF ENGR MGR 1,4
OTH POST-MD TRAIN 2-8/REP-FNO,4
STDT DISABILITY SPEC 4,4
DOSIMETRIST SR PD,4
BIOINFORMATICS MGR 1,4
PAT CASHIERING SUPV 1 NEX,4
MUSEUM EDUCATOR 3,4
EVENTS CRD 3,4
ELECTRN OPR 3,4
ADV PRACTICE MGR 3,4
DECISION SUPP SPEC 3 GF,4
PARKING AND TRANSPORT MGR 2,4
CLIN DOC MGR 2,4
LOAN ORIGINATION OFCR 3,4
ADVOCATE 3,4
RSCH CMPLNC SUPV 2 GF,4
COGEN INSTRUMENT CNTRL TCHN,4
FIRE MECH,4
ATH MGR 4 BYA,4
LECT-MISCELLANEOUS/PART TIME,4
MUSEUM EDUCATOR 4,4
CUSTODIAL HC MGR 3,4
BROADCAST COMM SPEC 4,4
REVENUE CYCLE HC MGR 4,4
REVENUE CYCLE HC ANL 4 GF,4
MARINE TCHN 3,4
ASST PROF OF CLIN-FY,4
MARKETING SUPV 1,4
EARLY CHILDHOOD EDUC SUPV 1,4
BIOINFORMATICS PROGR 3 RP GF,4
HOME HEALTH AIDE PD,4
VIS ASST SPECIALIST,4
THIRD OFCR,4
NURSE ANESTHETIST MGR 1,4
ACCOUNTANT SUPV 2 GF,4
ADMINISTRATIVE SPECIALIST,4
PROJECT POLICY ANL 2 RP,4
CMTY HEALTH OUTR SUPV 2,4
PERF ARTS MGR 3,4
HEALTH PROFNS EDUC MGR 2,4
INSPECTION MGR 1,4
REHAB SVC SPEC 4 HX CEH,4
INFECTION PREVENTION CRD 4,4
ACQUISITIONS EDITOR 4,4
RESIDENT FVR,4
COGEN OPR LD,4
PARKING CASHIER/ATTENDANT,4
GOVT REL MGR 3,4
MGD CARE SPEC 3 GF,4
ASSOC. LIBRARIAN,5
STOREKEEPER AST,5
QLTY IMPV HC SPEC 1 HX,5
FIRE FIGHTER STDT RSDT SR,5
FINANCIAL SVC MGR 4,5
ANATOMICAL SVC MGR 1,5
BELL ATTENDANT,5
PHYSCN NETWORK DEV SPEC 3 GF,5
VC CFO HEALTH AND CAMPUS,5
AMBUL CARE ADMSTN CRD 5,5
REGISTRAR MGR 3,5
LIFEGUARD PD,5
ASTRONOMER,5
PARKING AND TRANSPORT MGR 3,5
SECOND ENGR AST PD,5
MED CTR BLDG MAINT WORKER SR,5
CHARGE DESC ANL 4,5
MENTAL HEALTH PRACT,5
CENTER SENIOR ASSOCIATE,5
PROF IN RES-AY-B/E/E,5
ASST PROF IN RES-AY,5
BEH HEALTH PSYCHIATRIC PROFL 4,5
WIPER OPR 1 PD,5
DENTIST SR,5
RSCH GNT PRG MGR 2,5
PSYCHOMETRIST SR CEH,5
ULTRASOUND TCHNO PRN PD,5
BUS DEV HC MGR 4,5
AUTO ENGR,5
PHYSCN NETWORK DEV MGR 1,5
DEAN UNIV EXT,5
BUS SYS ANL 1,5
ACQUISITIONS EDITOR 3,5
HS ASST CLIN PROF-AY,5
PAT SFTY PROFL 2,5
REHAB AID 1 PD,5
CLIN RSCH ANL 5 RP,5
FAC PROJECT MGR 4 HC,5
RECR THER 3 PD,5
BROADCAST COMM SPEC 4 TX,5
HS ASSOC CLIN PROF-AY,5
RSCH CMPLNC MGR 3,5
PSYCHOLOGIST 2 PD,5
SPIRITUAL CARE HC SPEC 3,5
GENETIC CNSLNG HC SUPV 2,5
ASSOC COORD PUB PROG NON REP,5
RISK MGT HC MGR 1,5
FIELD RSCH SUPV 2,5
ORTHOPTIST,5
CONTINUING EDUCATOR I,5
HEALTH EDUCATOR 5,5
NURSE STF CRD PD,5
PEST CNTRL OPR,5
FLD WK CONSULT-AY,5
ACT PROF OF TEACH-AY-LAW,5
VENDOR REL SPEC 4,5
EMPLOYMENT REPR 5,5
REGL AND CMPLNC HC SUPV 2,5
PERFUSIONIST PRN NEX,5
ATH MGR 4,5
CTRL STERILE MGR 2,5
FINANCIAL ANL 3 CX GF,5
LIBRARY MGR 3,5
ELECTROCARDIOGRAPH TCHN PD,5
RAD THER TCHNO CHF ASC,5
COMM MGR 4,5
REIMB HC ANL 5,5
ADJ INSTR-FY,5
OPS ROOM AST LD 3,5
OCCUPATIONAL THER CERT AST 3,5
CTRL SVC TCHN 2 PD,5
BENEFITS PRG STRAT MGR 2,5
CARPENTER LOCKSMITH WORKER LD,5
VC BUS ADMSTN,5
KEY ENTRY OPR,5
SYS OPR LD,5
ACADEMIC COORD III-AY,5
ASST ADJ PROF-AY-1/9-B/E/E,5
ADMIN AST 1,5
CYTO TCHNO SR PD,5
PSYCHOMETRIST SR,5
LINEN SVC WORKER SR,5
TRANSPLANT MGR 2,5
BUS DEV HC MGR 1,5
LAW LIBRARIAN,5
STDT ACAD SUPV 1,5
DATA ANALYSIS MGR 1,5
CONTINUING APPT-TEMP AUG-1/9,5
DIVISIONAL DEAN,5
COMM AND NETWORK TCHL ANL 5,5
FINANCIAL AID MGR 3,5
ADMINISTRATIVE SUPPORT COORD,5
PULMONARY TCHN PD,5
RECR THER 1 EX,5
FAC PROJECT SUPV 2 HC,5
PERINATAL TCHN 1,5
FACULTY ADMIN TRANSITION LV-FY,5
SEA CAPTAIN MGR 2,5
LIGHTING TECH,5
CFO MED CTR,5
PAT REL MGR 2,5
AGRICULTURE MGR 1,5
ACADEMIC COORD II-FY NEX,5
ACCOUNTING MGR 3 HC,5
WARDROBE TCHN PRN,5
RADLG SVC SUPV 1,5
LEGAL SECR SR,5
ACAD PRG MGT OFCR 3 GF,5
HS CLIN PROF-SFT-VM,5
MUSIC THER 3 EX,5
VENTILATION MECH,5
MED STF SVC SUPV 2,5
CURATORIAL MGR 2,5
K TO 14 ACAD PREP MGR 2,5
AUTO ATTENDANT,5
AMBUL CARE PAT MGR 3,5
BUS SYS ANL 3 GF,5
CLIN REGIS SUPV 1,5
PUBL EDUC MGR 1,5
SPEECH PATHOLOGIST 1,5
FAC MGT SPEC 2,5
DATABASE ADM 1,5
STDT ARTIST OR PERF,5
CLIN NURSE EDUC MGR 2,5
FIRE CAPTAIN 56 HRS,5
FIXED INCOME INV DIR,5
RSCH AND DEV ENGR 2,5
ENGR SPEC 2,5
SALES SPEC 1,5
HIGH VOLT ELECTRN LD,5
QA RELEASE MGT MGR 1,5
FIRE SPEC 2 56 HRS,5
TRANSPLANT MGR 3,5
QA RELEASE MGT SUPV 2,5
OMBUDSPERSON 2,5
TRAINING DEV SUPV 2,5
SYS INTEGRATION ENGR 5 TX,5
RADLG EQUIP SPEC SR,5
ASSOC PROF OF TEACH-HCOMP,5
CLIN ENGR MGR 2,5
COMM AND NETWORK TCHL SUPV 1,6
SCRTY TCHN,6
MED RCDS AST SR,6
ACCOUNTING MGR 2 HC,6
REPROGRAPHICS TCHN LD,6
ETHICS AND CMPLNC MGR 3,6
EMPLOYMENT REPR 1,6
RECR THER 3 EX,6
SCENE TCHN AST,6
COMM AND NETWORK TCHL MGR 2,6
HEALTH PROFNS EDUC SPEC 4 GF,6
INDUSTRY ALLNS MGR 2,6
FARM MAINT WORKER SR,6
CUSTOMER SVC MGR 1,6
SUPPLY CHAIN MGR 2,6
MUSICIAN 4,6
BOAT OPR 1 PD,6
ACADEMIC COORD I-AY,6
ABLE SEAMAN 2,6
MENTAL HEALTH THER 1,6
PROSPECT DEV MGR 1,6
EEO REPR 3,6
CARPENTER SPEC,6
ALUMNI EXTERNAL REL SPEC 1,6
FUNDRAISING SUPV 2,6
CERT NURSE MIDWIFE 2,6
ACADEMIC ADMINISTRATOR II,6
EMBRYOLOGIST 5,6
PROF OF TEACH-FY,6
RECR THER 2 NEX,6
AEROSPACE ENGR 4,6
DIETETIC AST PD,6
STDT DISABILITY MGR 1,6
REIMB HC MGR 3,6
ACAD HR MGR 2,6
FINANCIAL SVC MGR 3,6
BUS INTEL MGR 2,6
CLIN APPL TRNG MGR 1,6
POPULATION HEALTH MGR 2,6
HEALTH INFO MGT MGR 2,6
FIRE AND SCRTY SPEC,6
SALES SPEC 4,6
VC CFO,6
CMPTL AND DATA SCI RSCH SPEC 2,6
EARLY CHILDHOOD SITE CRD 4,6
CHILD LIFE SPEC 3 NEX,6
PROJECT MGT PROFL 4 RP,6
DIALYSIS ME TCHN 2 PD,6
MAINT MECH LD,6
INFO SYS HC MGR 4,6
EMPLOYEE REL MGR 1,6
CMTY HEALTH OUTR MGR 1,6
CLIN NURSE SHS MGR 1,6
CMTY SVC CASE MGR,6
PUBLICATIONS PROD SUPV 2,6
COORD PUBLIC PROG,6
ATH SUPV 2,6
LOAN ORIGINATION OFCR 2,6
HC ADM SHS MGR 3,6
EVENTS MGR 2,6
RESP THER 2 PD,6
DEV TCHN 1,6
BEH HEALTH PSYCHIATRIC PROFL 5,6
MARINE TCHN 2 NEX,6
ADMITTING WORKER SR PD,6
PATHOLOGY AST 4,6
ADMINISTRATIVE ASSISTANT,6
RSCH DATA ANL 1 RP,6
MGD CARE MGR 4,6
STDT DISABILITY SUPV 1,6
CLIN DOC MGR 1,6
BLANK AST 2 SUPV,6
EMBRYOLOGIST 4,6
PAT SUPP CALL CTR SUPV 2,6
IP MGR 3,6
TRAINING DEV MGR 2,6
PRIVACY AND CMPLNC HC MGR 1,6
BEH HEALTH COUNSELOR 1 HX,6
DEV TCHN 2,6
AUDIOLOGIST SR PD,6
AEROSPACE MGR 3,6
LEGAL SUPP SPEC 4,6
PAT BILLER 1,6
PHYS PLT LABORER GARDENER A,6
ASSISTANT DIRECTOR,6
CASE MGR SOCIAL WORKER,6
OMBUDS MGR 1,6
ASST UNIV LIBRARIAN,6
BUS DEV PROFL 4,6
CLIN ENGR SUPV 2,6
FLEET SVC SUPV 2,6
MUSEUM EDUC MGR 1,6
AMBUL CARE ADMSTN MGR 4,6
CUSTODIAL HC MGR 2,6
ACAD PERSONNEL MGR 1,6
DIRECTOR III,6
AGRON AES-B/E/E,6
SPIRITUAL CARE HC SPEC 2,6
MGD CARE MGR 2,6
AEROSPACE MGR 2,6
SHEETMETAL MECH,6
MGD CARE SPEC 5,6
PAT RCDS ABSTRACTOR 1,6
ASST PROF-AY-1/9,6
PRODUCT DEV MGR 1,6
ANES OR CLIN SUPP MGR 1,6
CLINICAL PROFESSOR OF LAW,6
STDT SVC MGR 4,6
CARE MGR 2,6
USER EXP DESIGNER 2,6
ADMISSIONS RECRMT MGR 3,6
MGD CARE MGR 1,6
ACAD PERSONNEL SUPV 2,6
AMBUL CARE ADMSTN SUPV 2 GF,6
AEROSPACE MGR 1,7
CMPTL AND DATA SCI RSCH MGR 1,7
FAC PROJECT SUPV 2,7
TAX CMPLNC ANL 2,7
INTERVENTNL RADLG TCHNO LD,7
CLIN DOC SPEC 3,7
CLIN DOC SPEC 4,7
LEGAL OPS SUPV 2,7
MED CTR ENVIR SVC WORKER 2,7
EARLY CHILDHOOD EDUC MGR 2,7
RSCH DATA ANL 5 RP,7
WRITER EDITOR 4 GF,7
CNSLNG PSYCHOLOGIST 2 HX,7
AUDIT MGR 1,7
AEROSPACE ENGR 4 RP,7
GENETIC CNSLR 3 NEX,7
ATH MGR 1,7
CATH LAB RADLG TCHNO SR,7
DENTIST SHS SUPV 2,7
REGL AND CMPLNC HC MGR 3,7
CMPTL AND DATA SCI RSCH SUPV 2,7
INFECTION PREVENTION CRD 2,7
REPROGRAPHICS TCHN PRN,7
RES-LR SCL-AY,7
HISTO TCHNO 1 PD,7
LACTATION CONSULTANT 3 HX PD,7
HOME HEALTH AIDE,7
SULLIVAN PROFESSOR OF LAW,7
OPHTHALMIC TCHN LD 3,7
MUSIC THER NEX,7
PAT ACCESS SVC MGR 3,7
PARALEGAL 1,7
SYS INTEGRATION ENGR 5,7
SCENE TCHN AST PD,7
ASST LIBRARIAN-TEMP STATUS,7
CLIN NURSE SHS SUPV 2,7
CAMP CNSLR L3,7
OPTOMETRY SUPV 2,7
PRODUCT DEV MGR 2,7
PHYSCN ADM 2,7
FIELD VETERINARIAN 3,7
SIGNMAKER,7
FLD PROG SUPV,7
CUSTOMER SVC MGR 2,7
CHILD DEV ASC,7
LIBRARIAN-POTNTL CAREER STATUS,7
TELESCOPE TCHN PRN,7
BUS TCHL SUPP SUPV 2 GF,7
MED INTERPRETER SVC SUPV 2,7
PAT NAVGTR CLIN 5 HX,7
RSCH DATA ANL 2 RP,7
PROCUREMENT ANL 5,7
INTERVENTNL RADLG TCHNO PD,7
ASST PROF OF TEACH-FY,7
RSCH GNT PRG OFCR 5 RP,7
STDT HEALTH PHYSCN 5 PD,7
PAYROLL MGR 2,7
GENETIC CNSLR 1 NEX,7
FIRE FIGHTER STDT RSDT,7
CLIN ENGR 2,7
PERFUSIONIST SR PD NEX,7
MED CTR ELECTR TCHN SR,7
PAT SUPP CALL CTR SUPV 1 EX,7
DECISION SUPP MGR 4,7
NEURODIAGNOSTIC SVC MGR 1,7
PAT SFTY PROFL 4,7
MENTAL HEALTH PRACT PD,7
INFECTION PREVENTION MGR 1,7
ASSOC AGRON AES-AY-B/E/E,7
CLIN INFORMATICS MGR 3,7
ACCOUNTING MGR 3,7
LEAVE OF ABSENCE SPEC 2,7
PLNG MGR 3,7
CURRICULUM PLNR 4 SV,7
FAC PROJECT MGR 3 HC,7
SYS ADM 1 TX,7
MEDIA COMM MGR 2,7
REHAB AID 2 PD,7
GI ENDOSCOPY TCHN 1 PD,7
MENTAL HEALTH THER 2,7
ETHICS AND CMPLNC MGR 4,7
SUSTAIN OFCR 5,7
RSCH CMPLNC ANL 5 RP,7
EMERGENCY MED TCHN LD,7
ASSOC PROF OF TEACH-FY,7
LEAVE OF ABSENCE MGR 1,7
STUDIO PROJECTIONIST SR,7
SPIRITUAL CARE HC SUPV 2,7
PHYSCN SHS 5 LIMITED HOURS,7
HOSP MED TRANSCRIBER,7
INSTRUCTIONAL DESIGN MGR 1,7
ALUMNI EXTERNAL REL MGR 3,7
DECISION SUPP MGR 3,7
HEAL OTH POST-MD 4-6/REP,7
HVAC SPEC,7
OMBUDSPERSON 5,7
PAT REL MGR 1,7
CHF HOSP ADM HC ME,7
MATERIALS MGT HC SPEC 4,7
ORDINARY SEAMAN 1 PD,7
CONTRACT ADMSTN MGR 2,7
HEALTH SCIENCES ADM 4,7
CMPTL AND DATA SCI RSCH SPEC 5,7
ACAD PERSONNEL MGR 3,7
STRAT SOURCING MGR 1,7
REGL AND CMPLNC HC MGR 2,7
MEDIA COMM MGR 1,7
PERFUSIONIST SR EX,7
ACCESS AND ENGMT MGR 1,7
NEURODIAGNOSTIC SVC SPEC 5,7
SPIRITUAL CARE HC SPEC 4 HX,7
SPECTROSCOPIST,7
CEO MED CTR,7
COUNSEL 1,7
ELECTED OFCR STDT GOVT,7
DIGITAL COMM SPEC 5,8
ADMINISTRATOR,8
CEMENT MASON FLOORER,8
GEN ACCOUNTANT 5 HC,8
CARDIOVASCULAR TCHN 2,8
ASSOC PROJ SCI-FY NON REP,8
PLNG MGR 1,8
PAT SUPP AST PD,8
COLLEGE PROVOST,8
ATH MGR 2 BYA,8
ASSOC AGRON AES,8
ASSOCIATE PROFESSOR OF LAW,8
MAMMOGRAPHY TCHNO PD,8
RECORDING TCHN,8
PHARMACY SHS MGR 1,8
CLIN LAB MGR 3,8
GEOGRAPHIC INFO SYS PROGR 3,8
STDT ADVISOR SUPV 1,8
ATH TRAINER 4,8
CARPENTER LD,8
FAC PROJECT MGR 3,8
RADLG SVC MGR 2,8
ATH PROFL 2,8
ADMISSIONS RECRMT MGR 2,8
PARKING ENFORCEMENT SPEC,8
K TO 12 EDUCATOR 1,8
PROSTHETIST ORTHOTIST SR,8
PROF IN RES-AY,8
INSTITUTIONAL RSCH MGR 1,8
IP OFCR 5,8
ASSOC VICE CHANC,8
BLDG AUTO CNTRL TCHN,8
MED CTR LAB MECHN,8
MARINE COOK 2 PD,8
PROCUREMENT MGR 2,8
HOUSE SHIFT ADMIN 5,8
BEH HEALTH PSYCHIATRIC MGR 2,8
NURSE ANESTHETIST SUPV 2,8
ANL 6,8
RET CUSTOMER SVC REPR 3,8
AUTO TCHN LD,8
RADLG TCHNO PRN PD,8
ADJ PROF-AY-1/9-B/E/E,8
DIGITAL COMM MGR 2,8
ELECTRN WORKER LD,8
FLOORING INSTALLER,8
CMTY HEALTH OUTR PROFL 4,8
STDT SVC MGR 3,8
STRAT SOURCING PROFL 5,8
COMPENSATION ANL 2,8
NEURODIAGNOSTIC SVC SUPV 2,8
CMPTL AND DATA SCI RSCH MGR 2,8
PHARMACY MGR 3,8
ASST PROJ SCNTST-FY-B/E/E NEX,8
VISUAL COMM SUPV 2,8
OPTOMETRY SUPV 1,8
REAL ESTATE OFCR 2,8
ANL 5,8
MED AST PD,8
CMTY EDUC MGR 1,8
CHILD LIFE SPEC 3,8
PARALEGAL 4,8
MARKETING SPEC 5,8
REGISTRAR SPEC 4 SV,8
CYTOGENETIC TCHNO 1,8
ASSOC ADJ PROF-AY-1/9,8
TRAVEL MGT OFCR 2,8
ASSOCIATE DIRECTOR (MGMT),8
PROFL ENGR MGR 1,8
LAB MECHN,8
ACT ASSOC PROF-AY,8
HVAC CNTRL TCHN,8
REGL POLICY AND INTEL PROFL 4,8
TRANSLATOR NONTECHNICAL,8
RSCH CMPLNC MGR 2,8
USER EXP DESIGNER 3,8
HOSP AST,8
LAB MECHN HELPER,8
ACCOUNTING SUPV 1,8
RESID PHYS I/NON REP,8
CLIN ENGR 4,8
RECORDS ANL 3,8
BENEFITS SUPV 2,9
VIS JR SPECIALIST,9
LANGUAGE AST,9
ACCOUNTING MGR 1 HC,9
CARDIOVASCULAR TCHN PD,9
LAB RSCH SPEC 5,9
SURVEY RESEARCHER 3 RP,9
LOCKSMITH LD,9
PAT BILL AND COLL MGR 2,9
EMPLOYMENT MGR 2,9
TRAINING DEV MGR 1,9
VOC REHAB SPEC 2,9
LAB INSTRUCTION SUPV 2,9
FINANCIAL SVC ANL 2,9
MGD CARE SPEC 2,9
ENTERPRISE RISK MGR 2,9
CLIN OPS SHS SUPV 1,9
RAD THER MGR 1,9
LABORER SR LD,9
AGRON AES-B/E/E-AY,9
PSYCHOMETRIST,9
EHS MGR 3,9
PAYROLL MGR 1,9
PAT CARE TCHN PD,9
STDT HEALTH PHYSCN 4 PD,9
STDT LIFE DEV MGR 3,9
LIBRARY PROFL 3 CX,9
ASSOC ADJ PROF-AY-B/E/E,9
BEH HEALTH PSYCHIATRIC SUPV 1,9
CARDIOVASCULAR MGR 1,9
FINANCIAL AID SUPV 1,9
FINANCIAL ANL 2,9
ACAD ACHIEVEMENT CNSLR 5,9
VENDOR REL SPEC 2,9
SR LECT-AY-1/9-CONTINUING,9
NATUROPATHIC DOCTOR EX,9
BIOINFORMATICS SUPV 2,9
SR ADMINISTRATIVE ASSISTANT,9
PAT RCDS ABSTRACTOR 4 PD,9
MARINE TCHN 2,9
RSCH AND DEV ENGR MGR 2,9
SURVEY RESEARCHER 3,9
HVAC MECH LD,9
SKLD CRAFTS TRADES MGR 2,9
PAT NAVGTR NON-CLIN SUPV 2,9
OMBUDSPERSON 4,9
COMPENSATION MGR 1,9
FIELD RESEARCHER 3,9
ECHOCARDIOGRAPHIC TCHN PD,9
ADVOCATE 4,9
RISK MGT HC PROFL 3,9
EDUC TCHL MGR 1,9
VETERINARIAN 4,9
MAMMOGRAPHY TCHNO SR,9
EXEC CHEF 5,9
HEALTH EDUC SUPV 1,9
CLIN RSCH ANL 5,9
ENTERPRISE RISK SUPV 2,9
OPTOMETRIST 4 HX,9
FAC MECH LD,9
VC INCLUSIVE EXCELLENCE,9
POLICE SVC SUPV 1,9
TECH SUPP ANL 2,9
MEDIA COMM SPEC 5,9
ASSOC VICE PROVOST,9
ADVOCATE 4 SV,9
SENIOR ADMINSTRATIVE ANALYST,9
COMPENSATION MGR 2,9
LIBRARY MGR 1,9
PHOTOGRAPHER PRN,9
MATERIALS MGT HC MGR 2,9
K TO 12 EDUCATOR 4,9
RSCH AND DEV ENGR 5,9
REIMB HC ANL 2,9
ATH TRAINING SUPV 2,9
CAREER SVC MGR 2,9
OMBUDSPERSON 3,9
MACHINIST,9
LIBRARIAN-POTNTLCAREER NON REP,9
TELEVISION TCHN PRN,9
INSTITUTIONAL RSCH MGR 2,9
DESIGN AND CONST MGT SPEC 4,9
WARDROBE TCHN SR,9
PRE-SIX YR APPT-TEMP SUPP-FY,9
FAC MGT SPEC 5,9
STRAT SOURCING MGR 2,9
MED CTR LAB MECHN PRN,10
PHYSCN AST SUPV 2,10
ADJ PROF-AY-1/9,10
RES-FY-B/E/E-NON REP,10
WRITER,10
INFO SYS SUPV 1,10
AUDIT MGR 2,10
CHILD LIFE SPEC 2 PD,10
ELECTR TCHN,10
ASSOC IN__-AY- 1/9 -NON-GSHIP,10
BUS DEV HC MGR 3,10
LACTATION CONSULTANT 3 HX,10
VIS ASST PROF-HCOMP,10
HR MGR 4,10
REVENUE CYCLE HC MGR 3,10
PARKING OPS ENFORCEMENT MGR 1,10
CONTRACTS AND GRANTS MGR 3,10
RESID PHYS II-VIII/NON REP,10
QLTY IMPV HC SPEC 5 HX,10
VETERINARIAN 2,10
STOREKEEPER SR LD,10
NUC MED TCHNO SR PD,10
RESP CARE SPEC 5,10
ENTERPRISE RISK MGR 1,10
POLICE CHF MGR 4,10
ECHOCARDIOGRAPHIC TCHN PRN,10
SPIRITUAL CARE HC SPEC 1 HX,10
CMTY HEALTH OUTR SUPV 1,10
ENERGY MGT ANL 3,10
VENDOR REL SPEC 3,10
CTRL HEAT COOLING PLT OPR,10
AUDIOLOGIST EX,10
ASST COORD PUBLIC PROG,10
IT ARCHITECT MGR 1,10
VIS ASST PROJ SCIENTIST NEX,10
TRANSLATOR PD,10
CERT PHLEBOTOMY TCHN 3,10
EXEC VC AND PROVOST,10
VIS ASSOC RES,10
BIOMED EQUIP TCHN 4,10
TELEVISION ENGR,10
CONCIERGE 3,10
INFECTION PREVENTION CRD 3 HX,10
RSCH AND DEV ENGR 1,10
IT SCRTY ANL 2,10
CTRL STERILE SUPV 2,10
STDT LIFE DEV MGR 4,10
RESP CARE MGR 2,10
ADMIN AST 2,10
GEOGRAPHIC INFO SYS PROGR 2,10
PLNG MGR 2,10
STEAMFITTER WORKER LD,10
PERFUSIONIST NEX,10
LABOR REL MGR 2,10
AUDIT MGR 3,10
PUBLICATIONS PROD SUPV 1,10
ACAD ACHIEVEMENT SUPV 2,10
EHS SUPV 1,10
SPEECH PATHOLOGIST NEX,10
PROD CNTRL ANL 3,10
HS CLIN INSTR-FY,10
IONM TCHNO SR,10
CLIN RSCH MGR 2,10
FAC PROJECT MGT SPEC 2 HC,10
IP MGR 1,10
FAC PROJECT MGR 4,10
FOOD SVC MGR 3,10
SYS ADMSTN MGR 2,10
MAMMOGRAPHY TCHNO PRN,10
REVENUE CYCLE HC SUPV 1,10
CARDIOVASCULAR SUPV 1,10
COUNSEL 3,10
BEH HEALTH CNSLNG MGR 2,11
FIELD RSCH SUPV 1,11
CLIN REGIS ANL 2,11
INSTITUTIONAL RSCH ANL 1,11
CLIN OPS SHS SUPV 2,11
THEATRICAL PROD SUPV 1,11
MED CTR CUSTODIAN PD,11
CASE MGT HC MGR 2,11
GEN ACCOUNTANT 1,11
REGL AND CMPLNC HC SPEC 2,11
GI ENDOSCOPY TCHN 2 PD,11
RAD THER SUPV 2,11
OILER OPR 2,11
HC ADM SHS MGR 1,11
VC RSCH,11
PAT SUPP SVC MGR 1,11
REGISTRAR SPEC 3,11
PROJECT MGT PROFL 3 RP,11
CONTINUING EDUCATOR III,11
FIELD RESEARCHER 4,11
MED CTR SCRTY OFCR PD,11
GENERAL SVC OTHER SUPV 1,11
FINANCIAL ANL MGR 4,11
ENGR TCHN SUPV 2,11
PROD CNTRL ANL 2,11
CONTRACT ADMSTN MGR 1,11
PUBLICATIONS PROD MGR 1,11
STDT DISABILITY SPEC 3,11
STDT SVC SUPV 1,11
PARALEGAL 2,11
STEAM OPS ENGR LD,11
DESIGN AND CONST MGT SPEC 3,11
ORGANIZATIONAL DEV MGR 3,11
INSTRUCTIONAL DESIGN SUPV 2,11
HR GENERALIST 1,11
PHYS PLT LABORER GARDENER LD,11
QA RELEASE MGT ANL 2,11
NUC MED SUPV 2,11
AUTO EQUIP OPR SR PD,11
TELESCOPE TCHN,11
EDUC TCHL SUPV 2,11
ATH PROFL 4 BYA,11
MUSEUM PREPARATOR SR,11
ASSOC PROF IN RES-AY,11
HOSP MED TRANSCRIBER SR,11
FINANCIAL SVC ANL 5,11
CLIN PROFL SVC MGR 1,11
DIETITIAN HC SPEC 4 HX,11
EDUC TCHL SUPV 1,11
CHILD DEV CTR AST PD,11
IT SCRTY MGR 3,11
BAKER SR,11
MED STF SVC MGR 1,11
DEAF TRANSLATOR INTERPRETER,11
CHF CAMPUS COUNSEL,11
DENTIST ASC,11
POLICE CAPTAIN MGR 2,11
ADMISSIONS RECRMT SUPV 1,11
ASST RES-FY-NON REP,11
COMM AND NETWORK TCHL ANL 4,11
ASSOC FLD PROG SUPV,11
INDUSTRY ALLNS MGR 1,11
ASSOC IN __ -AY-1/10-GSHIP,11
IT ARCHITECT MGR 2,11
CARDIOVASCULAR MGR 2,11
EMPLOYEE REL REPR 5,11
CLIN INFORMATICS SPEC 2,11
CHILD LIFE SPEC 1 PD,11
PROJECT POLICY ANL 4 RP GF,11
GRADUATE RESEARCH FELLOW,11
VC STDT AFFAIRS,11
WARDROBE TCHN,11
CARDIOVASCULAR SUPV 2,11
REVENUE CYCLE HC ANL 1,11
PAYROLL SUPV 1,11
PAT TRANSPORT SUPV 1,11
ALUMNI EXTERNAL REL MGR 2,12
IT SCRTY SUPV 2,12
VOLUNTEER SVC PROFL 4,12
LIFT TEAM TCHN 2 PD,12
CLIN APPLICATIONS PROFL 3 GF,12
ORTHOPEDIC TCHN,12
MUSEUM PREPARATOR PRN PD,12
CLIN ENGR 3,12
PERF ARTS MGR 1,12
INDUSTRY ALLNS SPEC 2,12
UNIV LIBRARIAN,12
QLTY IMPV HC SUPV 2,12
VC DEV AND UNIV REL,12
VIS PROJ SCIENTIST,12
BENEFITS MGR 1,12
C SUITE,12
IT ARCHITECT 3,12
ATH TRAINER 1,12
PHYSCN SHS MGR 2,12
ENTERPRISE RISK MGT ANL 5,12
CONCIERGE 4,12
ASSOC DEAN-AY,12
IP MGR 2,12
DECISION SUPP MGR 1,12
RSCH GNT PRG OFCR 4,12
CUSTODIAL MGR 1,12
CT TCHNO SR PD,12
MARKETING MGR 2,12
HEALTH EDUC MGR 1,12
FINANCIAL AID MGR 2,12
PROJECT MGT PROFL 3,12
STDT HEALTH PHYSCN 3 PD,12
ATH MGR 2,12
PHYSICAL THERAPY RESID/NON REP,12
PRODUCER DIR AST,12
HEALTH PROFNS EDUC SPEC 5,12
GENETIC CNSLR 2 EX,12
ZONE MECH,12
VOLUNTEER SVC PROFL 3,12
BENEFITS PRG STRAT ANL 4,12
ASSOCIATE DIRECTOR (PROF),12
HEALTH EDUC SUPV 2,12
PLT OPR,12
POPULATION HEALTH MGR 1,12
MED STF SVC MGR 2,12
ASSOC COORD PUBLIC PROG,12
CHAN,12
ADV PRACTICE MGR 2,12
USER EXP DESIGNER 2 TX,12
VIS ASST SPECIALIST NEX,12
FIRE SPEC 1 56 HRS,12
ROOFER,12
CURATORIAL MGR 1,12
ACT/INTERIM DEAN,12
MGD CARE SPEC 3,12
CLIN PROFL SVC MGR 3,12
CNSLNG THERAPIST 3 HX GF,13
CONST INSP 5,13
IRRIGATION SPEC,13
DIRECTOR II,13
ACAD HR ANL 5,13
DATABASE ADM 2,13
CENTER ASSOCIATE,13
CLIN CARE PARTNER PD,13
REGL AND CMPLNC HC SPEC 5,13
NURSE STF CRD,13
VIS JR SPECIALIST NEX,13
SCRTY SUPV 2,13
FAC PROJECT MGR 2 HC,13
GENETIC CNSLR 2 NEX,13
ASSOC PROF-FY,13
BUS DEV HC PROFL 3,13
CURATOR 4,13
CMPTL & DATA SCI RSH SPEC 5 RP,13
GEN ACCOUNTANT 5,13
VOC NURSE SR PD,13
ABLE SEAMAN 2 PD,13
LECTURER - 12 MONTH,13
CLIN APPLICATIONS MGR 3,13
REIMB HC ANL 4,13
SCENE TCHN PRN,13
PSYCHIATRIC TCHN,13
HISTO TCHNO LD,13
PUBL EDUC SUPV 1,13
EVENTS SUPV 1,13
PROFL ENGR 4,13
CHILD LIFE SPEC 2 EX,13
PAINTER LD,13
FIELD RSCH MGR 1,13
PATHOLOGY AST 4 HX,13
FARM MACH MECH SR,13
BIOINFORMATICS PROGR 5 RP,13
PARALEGAL 3,13
PROF-FY-B/E/E,13
LABOR REL MGR 1,13
FLEET SVC SUPV 1,13
INDUSTRY ALLNS SPEC 5,13
MED CTR ELECTR TCHN,13
MARINE MECHN SR,13
NURSERY TCHN SR,13
STDT RECR 2,13
STDT ACAD SPEC 4,13
ELECTROCARDIOGRAPH TCHN,13
PROFL ENGR 3,13
STDT 1 WKSTY,13
CLIN INFORMATICS SUPV 2,13
AGRICULTURE SUPV 1,14
MEETING ROOM CAPTAIN 2,14
AUDIT PROFL 5,14
RSCH CMPLNC ANL 5,14
FAC MGR 3,14
WATER AND WASTEWATER OPR,14
LEGAL SUPP SPEC 3,14
LANDSCAPE GROUNDS SUPV 2,14
ENERGY MGT ANL 4,14
CTRL UTILITY PLT OPR,14
ACADEMIC COORD I-FY NEX,14
CONST INSP SR,14
CHILD LIFE SPEC 1 NEX,14
REHAB SVC MGR 2,14
GEOGRAPHIC INFO SYS PROGR 3 RP,14
OPS ROOM AST 2 PD,14
UCDC EDUCATOR - AY,14
REGISTRAR SPEC 4,14
ADVOCATE 3 SV,14
SOUND TCHN,14
SPEECH PATHOLOGIST 3 HX,14
STF PHYSCN,14
PUBL SFTY DISPATCHER LD,14
RAD THER TCHNO PD,14
RECR PRG INSTR,14
REMD TUT II-NON GSHIP,14
PROSPECT DEV SPEC 4,14
COMPENSATION ANL 5,14
RSCH CMPLNC ANL 1,14
CARE MGR 1,14
TCHL PROJECT MGR 2,14
DECISION SUPP MGR 2,14
GOVT REL SPEC 5,14
CLIN NURSE EDUC 5,14
MAIL SVC SUPV 1,14
SPORTS AST,14
NUC MED TCHNO FUSION PRN,14
PRIVACY AND CMPLNC HC PROFL 3,14
BLANK APPR,14
HR SUPV 1,14
INSTRUCTIONAL DESIGNER 5,14
OILER OPR 2 PD,14
ANGIOGRAPHY TCHNO,14
EHS SPEC 2 NEX,14
PAT NAVGTR CLIN 3 HX,14
CONST INSP 3,14
OTH POST-MD TRAIN 2-8/NON REP,14
MUSEUM EDUCATOR 3 TX,14
SHEETMETAL WORKER,14
CART CAPTIONIST,14
MISCELLANEOUS,15
SPORTS MED ATH TRAINER 3 HX,15
LEAVE OF ABSENCE SPEC 4,15
TRANSPLANT MGR 1,15
PAT SFTY PROFL 3,15
WRITER AST,15
PAT SUPP SVC SUPV 2,15
HEALTH TCHN 4 NEX,15
HVY DUTY EQUIP TCHN,15
CYTO TCHNO,15
PUBL EDUC SUPV 2,15
NTRTN AND DIETARY HC MGR 1,15
CLIN SOCIAL WORKER 1 NEX,15
COORD PUB PROG NON REP,15
OCCUPATIONAL THER CERT AST 2,15
AUDIT PROFL 2,15
SPEECH PATHOLOGIST SR PD,15
MED INTERPRETER PD,15
CHILD LIFE SPEC 1 EX,15
POLYSOMNOGRAPHY TCHNO PRN,15
INSTITUTIONAL RSCH ANL 2,15
EDITOR,15
ANESTHESIA TCHN 2 PD,15
LECTURER - 9 MONTH,15
REAL ESTATE OFCR 5,15
ASST PROF-SFT-VM,15
FAC PROJECT MGR 1 HC,15
ARTIST,15
TRAINER 5,15
MED OFC SVC CRD 2 PD,15
DATABASE ADM 5,15
ACAD ACHIEVEMENT MGR 1,15
PROCUREMENT MGR 1,15
PAT ACCESS SVC MGR 2,15
NEURO TCHNO SR,15
PHYS THER AST PD,15
MASSAGE THERAPIST 2 HX,15
PLUMBER LD,15
PROCUREMENT SUPV 1,15
EVENTS SPEC 5,15
HEALTH INFO MGT SUPV 1,15
ACADEMIC COORD II-AY,15
FIELD RESEARCHER 4 RP,15
SUSTAIN OFCR 2,15
CURRICULUM PLNR 3,15
ASC HEAD COACH CRD 4,15
NURSERY TCHN,16
TREE TRIM,16
REGISTRAR SUPV 2,16
ACCESS AND ENGMT PROFL 3,16
PHARMACY TCHN 3 PD,16
MASON,16
SUSTAIN OFCR 4,16
ASST PROF-FY,16
AV IT ENGR 3 TX,16
BAKER AST,16
STDT 4 ANR,16
ADMIN SUPV 2 GF,16
COMPUTER EXAM SPECIALIST,16
FINANCIAL AID MGR 1,16
PAYROLL ANL 4,16
IONM TCHNO,16
PHYSCN SHS MGR 1,16
HOME HEALTH NURSE 3,16
ASSOC PROJ SCIENTIST-FY NEX,16
PERINATAL TCHN 2,16
FUNDRAISING MGR 4,16
PSYCHIATRIC TCHN PD,16
VISITING PROFESSOR OF LAW,16
ASSOC RES-FY-NON REP,16
INFO SYS MGR 4,16
POSTDOC-PAID DIRECT,16
ULTRASOUND TCHNO LD,16
STDT DISABILITY SUPV 2,16
PRIVACY AND CMPLNC HC PROFL 4,16
COUNSEL 5,16
RECR COACH 3,16
EXAMING PHYSCN,16
ASSOC UNIV LIBRARIAN,16
BEH HEALTH PSYCHTRC PROFL 1 HX,16
CLIN REGIS ANL 3,16
CLIN ENGR MGR 1,16
CLIN IMG IT SPEC 4,16
ETHICS AND CMPLNC MGR 2,16
SKLD TRADES MECH,16
DEMO TEACHER,16
ATH TRAINER 2,16
CUSTODIAL HC SUPV 2 EX,16
CTRL STERILE MGR 1,16
CLIN SOCIAL WORKER 1 EX,17
MEDIA COMM SPEC 1,17
QLTY IMPV HC SPEC 2,17
K TO 14 ACAD PREP SPEC 5,17
QLTY IMPV HC SPEC 1,17
NEURO TCHNO PRN,17
AEROSPACE ENGR 2 RP,17
REHAB AID 2,17
RSCH CMPLNC SUPV 2,17
GOVT REL SPEC 3,17
ACAD PERSONNEL ANL 5,17
PLUMBER PIPEFITTER,17
CONTINUING APPT-TEMP AUG-AY,17
PHYS THER AST 3,17
PARKING OPS ENFORCEMENT SUPV 2,17
BUS INTEL SUPV 2,17
PUBLICATIONS PROD SPEC 4,17
RSCH AND DEV ENGR SUPV 2,17
PROCUREMENT SUPV 2,17
STDT 3 ANR,17
CT TCHNO LD,17
ALUMNI EXTERNAL REL SUPV 2,17
CLIN INFORMATICS MGR 2,17
DATA SYS MGR 2,17
LAB INSTRUCTION SUPV 1,17
TELEVISION TCHN SR,17
CLERK PD,17
ACCOUNTING MGR 2,17
STY ENGR,17
MUSICIAN 2,17
VIS RES,17
IT SCRTY MGR 2,17
CAREER SVC MGR 1,17
GRADUATE FELLOW,17
CNSLNG PSYCHOLOGIST 4 HX,17
SPEECH PATHOLOGIST EX,17
ADVANCED PRAC SUPV 2,17
PROJECT POLICY ANL 4 GF,17
MGD CARE SPEC 4,17
AGRICULTURE SUPV 2,17
ANATOMICAL SVC PROFL 4,18
OPTOMETRIST EX HX,18
MED OFC SVC CRD 4,18
NURSE SVC MGR 4,18
STOREKEEPER LD,18
MARKETING SPEC 1,18
MENTAL HEALTH PRACT SR,18
CMPTL AND DATA SCI RSCH SPEC 4,18
RESP THER 1,18
PRODUCER DIR,18
PERFUSIONIST SR NEX,18
TEACHER-UNEX,18
BROADCAST COMM SPEC 3 TX,18
PROF OF CLIN-FY,18
K TO 12 EDUCATOR 2,18
PULMONARY TCHN 1,18
SALES SPEC 2,18
FAC PROJECT MGT SPEC 5 HC,18
DOSIMETRIST,18
K TO 14 ACAD PREP SUPV 2,18
SOCIAL WORK HC MGR 1,18
BIOMED EQUIP TCHN 1,18
DATA ANALYSIS SUPV 2,18
SCRTY MGR 1,18
CLIN INFORMATICS MGR 1,18
ASSOC RES-FY NEX,18
QLTY IMPV HC SPEC 2 HX,18
HISTO TCHNO 2 PD,18
RSCH AND DEV ENGR 5 TX,18
HOSP RAD PHYSICIST EX,18
ASST ADJ PROF-AY-1/9,18
DEV TCHN 5,18
ATH PROFL 2 BYA,18
DIGITAL COMM MGR 1,18
AV IT ENGR 4 TX,18
EEG TCHNO PRN,18
SURVEY WORKER SR,18
EEG TCHNO SR,18
REGISTRAR MGR 1,19
MRI TCHNO LD,19
OPTICIAN,19
HR MGR 3,19
CLIN LAB MGR 2,19
HOSP LAB TCHN 3 PD,19
CUSTODIAL HC MGR 1,19
OPS ROOM EQUIP SPEC 2,19
QLTY IMPV HC MGR 2,19
RSCH ADM 5,19
EVENTS MGR 1,19
DEV TCHN 4,19
ATH PROFL 4,19
INTERVENTNL RADLG TCHNO PRI,19
PAT ESCORT SR,19
CURATOR 4 RP,19
ORGANIZATIONAL DEV MGR 1,19
CONTRACT ADM 5,19
FINANCIAL SVC MGR 2,19
ASST ADJ PROF-AY-B/E/E,19
CARE HOSP SUPV 1 VMTH,19
DIGITAL COMM SUPV 2,19
FINANCIAL AID OFCR 3,19
CYTO TCHNO SR,19
FAC MGT SPEC 3,19
DEMO TEACHER-CONTINUING,19
RISK MGT HC PROFL 4,19
PARKING OPS SPEC 2,19
HEALTH INFO CODER 1,19
TEACHING ASSISTANT - STIPEND,19
CTRL SVC TCHN 1,19
RECALL TEACHING NON-SENATE,19
CUSTODIAN LEADER SR,19
BUS DEV HC MGR 2,19
OCCUPATIONAL THER 1 NEX,19
THEATRICAL PROD SUPV 2,19
CUSTOMER SVC SUPV 1,19
DENTAL HYGIENIST,20
RSCH ADM 5 RP,20
ANESTHESIA TCHN PD,20
RADLG AST 1,20
RADLG TCHNO PRN LD,20
ACAD ACHIEVEMENT CNSLR 4 SV,20
EMERGENCY MED TCHN SR,20
REAL ESTATE OFCR 3,20
PAT TRANSPORT TCHN LD 3,20
MGN COUNSEL 3,20
STDT ACAD SPEC 4 SV,20
THEATER PROD SPEC 4,20
HR MGR 2,20
STDT CAMP PRG OFFSITE,20
QLTY IMPV HC MGR 1,20
MED AST 1 PD,20
ELECTRN LD,20
FOOD SVC HC SUPV 2,20
PAYROLL SUPV 2,20
PRODUCT DEV PROFL 4,20
STUDENT LIBRARY ASSISTANT,20
PARKING AST,20
CTRL SVC TCHN LD 3,20
STDT ACAD ADVISOR 4,20
HEALTH EDUCATOR 1,20
MARKETING SUPV 2,20
GOVT REL SPEC 4,20
HEALTH INFO MGT MGR 1,20
ASST PROF OF CLIN-SFT-VM,20
STDT LEGAL SVC ADVISOR 3,20
COMM AND NETWORK TCHL ANL 3,20
FAC PROJECT MGR 1,20
FINANCIAL AID OFCR 4,20
BUS INTEL SPEC 5,20
POLICE OFCR 1,21
MUSEUM EDUCATOR 2 TX,21
DECISION SUPP SPEC 5,21
SCENE TCHN PD,21
RECR MGR 1,21
BUS SYS ANL MGR 2,21
SUSTAIN OFCR 3,21
LAB RSCH MGR 1,21
INTERVENTNL RADLG TCHNO SR,21
MED CTR FOOD SVC WORKER PD,21
AMERICORP MEMBER,21
PAT ESCORT PD,21
EHS SPEC 1 NEX RX,21
CMPTL AND DATA SCI RSCH SPEC 3,21
CMTY EDUC SUPV 1,21
CUSTOMER SVC SUPV 2,21
FOOD SVC MECH,21
HEALTH EDUCATOR 4,21
BUS INTEL MGR 1,21
SOCIAL WORKER 1,21
REGL AND CMPLNC HC MGR 1,21
HEALTH EDUCATOR 3 PD,21
FLD WK SUPV-FY,21
RSCH AND DEV ENGR 3,21
CLIN PROFL SVC MGR 2,21
AEROSPACE ENGR 3 RP,21
POPULATION HEALTH SPEC 4,21
RES-FY-B/E/E,21
EMPLOYEE REL REPR 3,21
ETHICS AND CMPLNC MGR 1,21
HEALTH SCIENCES ADM 1,21
CONTRACTS AND GRANTS SUPV 1,21
BUS TCHL SUPP MGR 1,21
BUS DEV HC PROFL 4,21
STDT ACAD MGR 1,21
INFECTION PREVENTION CRD 3,21
CONTINUING EDUCATOR II,21
GEFFEN K-12 INSTRUCTOR-AY-CONT,21
FIRE AND SCRTY SYS TCHN,21
PAT CARE DIALYSIS TCHN 2,22
REAL ESTATE OFCR 4,22
ETHICS AND CMPLNC PROFL 2,22
STDT SVC MGR 2,22
FINANCIAL AID SUPV 2,22
REHAB SVC MGR 1,22
ASSOC PROF-SFT-VM,22
LEGAL SVC ADVISOR 2,22
CHILD LIFE SPEC 2 NEX,22
PHYS PLT SPEC,22
CONST INSP 4,22
MATERIALS MGT HC MGR 1,22
PROJ SCIENTIST-FY NEX,22
TCHL PROJECT SUPV 2,22
RESIDENTIAL SVC MECH,22
NURSE PRAC RSDT,22
COMPUTER RESC SPEC 1,22
ORGANIZATIONAL DEV MGR 2,22
MED CTR FOOD SVC WORKER LD,22
LABORER LD,22
PROJECT MGT PROFL 4,22
BEH HEALTH PSYCHIATRIC MGR 1,22
TEACHER-UNEX-CONTRACT YR,22
RESP CARE MGR 1,22
ADMIN OFCR 2,22
PRODUCT DEV PROFL 3,22
ANES OR CLIN SUPP SUPV 1,22
EXEC AST 5,22
SCRTY SUPV 1,22
COMM SPEC 5,22
SUPV TEACHER ED-AY-CONTINUING,22
NURSE PRACT 1,23
EMPLOYMENT MGR 1,23
PAT REL PROFL 3 CX,23
PROSPECT DEV SPEC 2,23
VIS ASST RES,23
CONTRACTS AND GRANTS MGR 2,23
QLTY AND PERF METRICS ANL 3,23
PRACTICE CRD 1,23
ATH MGR 1 BYA,23
EMPLOYEE SVC ASC 3,23
EARLY CHILDHOOD EDUC SUPV 2,23
COOK PD,23
PARKING REPR LD,23
RES-FY NEX,23
DATA SYS ANL 1,23
CLIN IMG IT SPEC 3,23
NTRTN AND DIETARY HC SUPV 2,23
DATA SYS SUPV 2,23
HR GENERALIST 5,23
SVC ENGR,23
ACCESS AND ENGMT PROFL 4,23
K TO 14 ACAD PREP MGR 1,23
PROJ SCIENTIST-FY NON REP,23
ASST RES-FY NEX,23
STDT ACAD SPEC 3,23
AUTO EQUIP OPR,23
PAT REL PROFL 4 CX,23
TRANSIT SVC SUPV 1,24
INSTITUTIONAL RSCH ANL 5,24
INDUSTRY ALLNS SPEC 3,24
MATERIALS MGT HC SUPV 2,24
CLIN APPL TRAINER 3,24
HEALTH EDUCATOR 4 SV,24
PHYSCN NETWORK DEV SPEC 3,24
FINANCIAL ANL 1 CX,24
STERILE PROCESSING TCHN 1 PD,24
PROF IN RES-FY,24
PATHOLOGY AST 3 HX,24
PHYSCN DIPLOMATE SR,24
HEALTH PROFNS EDUC SUPV 1,24
EDUC TCHL SPEC 4 TX,24
APPLICATIONS PROGM MGR 2,24
RSCH AND DEV ENGR MGR 1,24
PSYCHOLOGIST 2 CEH,24
REIMB HC ANL 3,24
CT TCHNO PRN,24
STRAT SOURCING PROFL 3,24
CUSTODIAL HC SUPV 1 NEX,24
SYS INTEGRATION ENGR 3 TX,24
PAT BILL AND COLL REPR 4,24
USER EXP DESIGNER 4 TX,24
INFO SYS ANL 1,24
ADV PRACTICE MGR 1,24
PSYCHIATRIC TCHN SR,24
ACAD HR MGR 1,24
SCENE TCHN SR PD,24
MUSEUM PREPARATOR PRN,25
ACCOUNTING SUPV 2,25
SPIRITUAL CARE HC SPEC 3 HX,25
ANL 4,25
REMD TUT I-GSHIP,25
REVENUE CYCLE HC MGR 2,25
PROJECT POLICY ANL MGR 2,25
FAC MGT SPEC 4,25
ALUMNI EXTERNAL REL MGR 1,25
CASE MGR EX CEH,25
PRE-SIX YR APPT-TEMP SUPP-AY,25
RSCH GNT PRG OFCR 3,25
STDT DISABILITY SPEC 4 SV,25
FAC MGT SPEC 1 CX,25
LAB PROCESSING SUPV 1,25
COMM AND NETWORK TCHL SUPV 2,25
ANL 2,25
PHARMACY TCHN 1,25
ACAD ACHIEVEMENT CNSLR 4,25
CMTY HEALTH OUTR PROFL 2,25
ACADEMIC ADMINISTRATOR III,25
NUC MED TCHNO,25
EHS SPEC 5,25
ENTERPRISE RISK MGT ANL 2,25
MUSEUM EDUCATOR 1 TX,25
CLIN SOCIAL WORKER 3 CEH,25
PHYSCN NETWORK DEV SPEC 4,25
CARPENTER LOCKSMITH,26
TCHL PROJECT MGR 1,26
THEATER PROD SPEC 3,26
PAT CARE DIALYSIS TCHN 1,26
BUS DEV HC PROFL 5,26
ACCESS REPR,26
ASSOC PROF OF CLIN-SFT-VM,26
ACT PROF-AY-LAW,26
DIR,26
RESID PHYS/SUBSPEC 4-8/REP-OV,26
MED LAB TCHN,26
FINANCIAL AID OFCR 4 SV,26
SALES SPEC 3,26
VICE PROVOST,26
SKLD CRAFTS TRADES MGR 1,26
RECR PRG LEADER 2 BYA,26
LIFT TEAM TCHN 2,26
RSCH CMPLNC MGR 1,26
BIOINFORMATICS PROGR 4,26
FINANCIAL ANL SUPV 1,26
DIRECTOR,26
STDT LIFE DEV MGR 2,26
ADJ INSTR-HCOMP,26
PRE-SIX YR APPT-TEMP SUPP-1/10,27
CAREER SVC SUPV 2,27
ATH TRAINER 3,27
HOME HEALTH NURSE 2,27
EEG TCHNO,27
ANESTHESIA TCHN 3,27
STDT DISABILITY SPEC 2,27
ATH PROFL 1 BYA,27
RECR PRG LEADER 2,27
ACAD PERSONNEL ANL 2,27
ELEVATOR MECH,27
RSCH GNT PRG OFCR 4 RP,27
LAB MECHN SR,28
ADMISSIONS RECRMT SPEC 1,28
STOREKEEPER PD,28
AGRICULTURAL TCHN SR,28
PHARMACY SUPV 1,28
ASST SPECIALIST COOP EXT,28
SPEECH PATHOLOGIST 2,28
CLIN APPL TRAINER 2,28
ORTHOPEDIC TCHN SR,28
REG DIETETIC TCHN,28
SKLD CRAFTS TRADES SUPV 1,28
STOREKEEPING SUPV 1,28
STUDENT RESEARCH ASSISTANT III,28
PROF OF CLIN-SFT-VM,28
AMBUL CARE ADMSTN CRD 4 CX,28
HIGH VOLT ELECTRN,28
TRANSPLANT CRD 1,29
EHS MGR 2,29
IT SCRTY MGR 1,29
DENTAL AST,29
PROJ SCIENTIST-FY-B/E/E,29
PROF OF TEACH-AY-LAW,29
MED CTR PARKING AST,29
FOOD SVC WORKER PD,29
LABOR REL REPR 3,29
ASSOC RES-FY-B/E/E,29
HR AST 3,29
PLNG SPEC 5,29
DIETITIAN 1 EX,29
POLICE LIEUTENANT MGR 1,29
PAT ACCESS SVC MGR 1,29
FINANCIAL ANL MGR 3,29
EVENTS SUPV 2,29
CASE MGT HC MGR 1,29
SURVEY RESEARCHER 2,29
SYS INTEGRATION ENGR 4,29
FIELD RESEARCHER 3 RP,29
CASE MGT HC SUPV 2,29
HEALTH SCIENCES ADM 3,29
CATH LAB RADLG TCHNO,29
DIRECTOR I,29
PAT REL PROFL 2 CX,29
PHYS THER 1 NEX,30
CAREER SVC SPEC 4,30
FOOD SVC MGR 2,30
TRUCK DRIVER,30
CLIN RSCH ANL 4,30
TCHL PROJECT MGT PROFL 5,30
PAT BILL AND COLL MGR 1,30
STDT ACAD ADVISOR 1,30
ACAD PERSONNEL ANL 4,30
CMTY EDUC SUPV 2,30
MED STF SVC SPEC 4,30
EHS TCHN PRN,30
SPECIALIST NEX,30
NEURO TCHNO,30
ASSOC PROJ SCIENTIST-FY-B/E/E,30
MED STF SVC SPEC 2,30
EHS TCHN SR,30
ADMITTING WORKER PRN PD,30
ATH PROFL 3,30
HOSP LAB TCHN 2 PD,31
RET CUSTOMER SVC REPR 2,31
CLIN DOC SPEC 3 HX,31
PHYSCN AST PD,31
SURVEY WORKER,31
BUS TCHL SUPP SUPV 1,31
AUTO TCHN,31
BAKER,31
SYS ADMSTN MGR 1,31
INFECTION PREVENTION CRD 4 HX,31
PHYS THER PD,31
DEV TCHN 3,31
IP OFCR 4,31
STDT ACAD SUPV 2,31
DECISION SUPP SPEC 3,31
EXEC ADVISOR 3,31
EHS SUPV 2,31
PROFESSOR OF LAW,31
SOCIAL WORK ASC AST,31
BIOINFORMATICS PROGR 3,32
FINANCIAL SVC ANL 1 CX,32
QLTY IMPV HC SPEC 4,32
PROCTOR SR,32
FAC PROJECT MGT SPEC 3 HC,32
ACADEMIC ADMINISTRATOR V,32
RSCH AND DEV ENGR 4,32
MED RCDS TCHN AST,32
BIOINFORMATICS PROGR 1,32
COMM MGR 2,32
LAB MECHN PRN,32
ASST LIBRARIAN-POTNTL CAREER,32
RADLG SVC MGR 1,32
ASSOC SPECIALIST NEX,32
CYTOGENETIC TCHNO 2,32
IRRIGATION MECH,32
ASSOC SPECIALIST COOP EXT,33
AGRICULTURAL TCHN,33
ASST PROJ SCIENTIST-FY NEX,33
ATH PROFL 1,33
CLIN APPLICATIONS PROFL 2,33
APPLICATIONS PROGR 1,33
RSCH ADM 1 CX,33
PHARMACY MGR 2,33
RECR PRG LEADER 4,33
COMM AND NETWORK TCHL MGR 1,33
RSCH GNT PRG OFCR 3 RP,33
FAC MGR 2,33
STDT ADVISOR MGR 1,33
ASST AGRON AES-AY,33
OCCUPATIONAL THER 1 PD,33
ACAD ACHIEVEMENT CNSLR 3,33
CLIN APPLICATIONS SUPV 2,33
TCHL PROJECT MGT PROFL 2,34
ADMIN AST 3,34
ANL 3,34
MRI TCHNO PRN,34
ACAD PRG MGT OFCR 5 RP,34
FAC PROJECT MGR 2,34
ACADEMIC ADMINISTRATOR IV,34
AGRICULTURAL TCHN PRN,34
LANDSCAPE GROUNDS SUPV 1,34
SPECIALIST NON REP,34
INDUSTRY ALLNS SPEC 3 SV,34
PAT NAVGTR NON-CLIN 4 CX,34
ELECTR TCHN SR,34
DOSIMETRIST SR,34
SOCIAL WORKER 2,34
PROF OF TEACH-AY-B/E/E,35
PROCTOR,35
ETHICS AND CMPLNC PROFL 5,35
CTRL SVC TCHN 1 PD,35
TCHN AST,35
LECT-AY-1/10-CONTINUING,35
TEACHER-SPEC PROG-CONTINUING,35
BEH HEALTH CNSLNG SUPV 2,35
EDUCATOR 3 BYA,35
HEALTH TCHN 3,35
REFRIGERATION MECH,35
ACUPUNCTURIST 3 HX,35
MED INTERPRETER 1,35
DATA SYS ANL 5,35
MATERIALS MGT HC SUPV 1,35
INFO SYS ANL 5,35
CLIN PROFL SVC MGR 4,35
ASSOC COOP EXT ADVISOR,35
MED CTR STOREKEEPER LD,36
CARDIOVASCULAR TCHN,36
LABOR REL REPR 5,36
PSYCHOLOGIST 1,36
EXEC CHEF 4,36
CLIN APPLICATIONS MGR 2,36
ACCOUNTING MGR 1,36
RSCH CMPLNC ANL 4,36
LIBRARY SUPV 1,36
NURSE PRACT SUPV 2,36
ADJ PROF-AY-B/E/E,36
ADMIN CARE PARTNER,36
PROSPECT DEV SPEC 3,36
OCCUPATIONAL THER 3 NEX,36
NON-PHYS CLIN TRAIN-GENL CAMP,36
FINANCIAL SVC ANL 4 CX,36
COMM AND NETWORK TCHL ANL 5 TX,37
FUNDRAISING MGR 3,37
SPC STDT BYA,37
QA RELEASE MGT ANL 4,37
MED OFC SVC CRD LD 3,37
QA RELEASE MGT ANL 3,37
QLTY IMPV HC SPEC 3 HX,37
MARKETING MGR 1,37
COMM SUPV 2,37
CASE MGR SR,37
FARM LABORER,38
GSR-TUIT & FEE REM-UCSD-GRP G,38
STDT RSDNC HALLS LD BYA,38
BEH HEALTH CNSLNG MGR 1,38
REHAB SVC SPEC 4 HX,38
MED CTR COOK SR,38
GARDENER GROUNDSKEEPER,38
PAT BILLER 2,38
TEACHG ASST-NON GSHIP,38
CURRICULUM PLNR 3 SV,39
ALUMNI EXTERNAL REL SPEC 5,39
OPHTHALMIC TCHN 2,39
EXEC ADVISOR MGR 1,39
INFECTION PREVENTION CRD 1 HX,39
CMTY HEALTH OUTR PROFL 3,39
SYS ADMSTN SUPV 2,39
CHIEF RESID PHYS-REP,39
PAT TRANSPORT TCHN 1,39
MAIL PROCESSOR,39
TCHN PRN,39
ASST RES-FY-B/E/E,39
EXEC ADVISOR MGR 3,39
BENEFITS ANL 4,39
INFECTION PREVENTION CRD 1,40
RECR SUPV 1,40
GSR-FELLOW-NO REM,40
RESP CARE SPEC 4,40
PRODUCER DIR SR,40
SPEECH PATHOLOGIST SR EX,40
CLIN INFORMATICS SPEC 5,40
ADMITTING WORKER PD,40
RSCH CMPLNC ANL 3,40
PLNG SPEC 4,40
ENTERPRISE RISK MGT ANL 3,40
CERT PHLEBOTOMY TCHN 2 PD,40
DATABASE ADM 3,40
MEDIA COMM SPEC 4,40
TRANSPLANT CRD 3,41
REGL AND CMPLNC HC SPEC 3,41
GEFFEN K-12 INSTRUCTOR-AY,41
LAB PROCESSING SUPV 2,41
BLDG MAINT WORKER LD,41
RECORDS ANL 2 CX,41
OCCUPATIONAL THER 2 EX,41
ANESTHESIA TCHN,41
SPIRITUAL CARE HC SPEC 2 HX,41
AUDIT PROFL 4,41
USER EXP DESIGNER 3 TX,42
HEALTH PROFNS EDUC MGR 1,42
IP OFCR 2,42
NURSE SVC MGR 3,42
SPEECH PATHOLOGIST SR NEX,42
LINEN SVC WORKER,42
STDT ACAD ADVISOR 3,42
HEALTH TCHN 2,42
DATA SYS MGR 1,42
ACAD HR ANL 1,42
VIS ASSOC PROF,42
HEALTH SCIENCES ADM 2,42
LIBRARY AST 2,42
EMPLOYEE SVC ASC 2,42
POLYSOMNOGRAPHY TCHNO SR,43
LAB AST 4,43
TELEMETRY TCHN PD,43
STUDENT RESEARCH ASSISTANT II,43
COMPENSATION ANL 4,43
OCCUPATIONAL THER 3 EX,43
ASSOC DEAN,43
CONTRACT ADM 2,43
CUSTODIAL HC SUPV 2 NEX,43
ACADEMIC ADMINISTRATOR VI,43
FOOD SVC MGR AST,43
INFO SYS MGR 3,43
TELEVISION TCHN,43
LAB HELPER,43
STDT HEALTH PHYSCN 5,43
CLIN LAB MGR 1,44
FINANCIAL SVC MGR 1,44
LIBRARY SUPV 2,44
ELECTROCARDIOGRAPH TCHN SR,44
ANESTHETIST NURSE,44
REVENUE CYCLE HC MGR 1,44
HISTO TCHNO 1,44
GSR-TRAINEE-NO REM,44
OPS ROOM AST 1,45
EHS MGR 1,45
COMPENSATION ANL 3,45
ADMISSIONS RECRMT SPEC 4 SV,45
ASSOC AGRON AES-AY,45
ADMISSIONS RECRMT SPEC 4,45
ACAD HR SUPV 2,45
FINANCIAL SVC ANL 4,45
STDT LIFE DEV SPEC 1,45
STDT INTERN NON UC,45
K TO 14 ACAD PREP SPEC 1,45
ADMIN MGR 4,45
ACAD PRG MGR 2,46
CLIN APPL TRAINER 4,46
MED CTR CUSTODIAN LD,46
PARKING OPS ENFORCEMENT SUPV 1,46
HISTO TCHNO 3,46
PAT NAVGTR NON-CLIN 3 CX,46
STERILE PROCESSING TCHN 2 PD,46
STDT RSDNC HALLS BYA,46
LW&R INTRUCTOR I,46
HEALTH PROFNS EDUC SPEC 4,46
CAREER SVC SPEC 2,46
INSTRUCTIONAL DESIGNER 2,47
FAC PROJECT MGT SPEC 2,47
CARE SUPV 2,47
ASST ADJ PROF-FY,47
GROUNDSKEEPER LD,47
RECR SUPV 2,47
RES-FY-NON REP,47
EXEC ADVISOR MGR 2,47
QA CHEF 3,48
PAT ACCESS SVC SUPV 2,48
STEAMFITTER,48
COMM AND NETWORK TCHL ANL 2 TX,48
ACAD PRG MGT OFCR 5,48
ADMISSIONS RECRMT MGR 1,48
FAC MGT SPEC 4 CX,48
MUSICIAN 3,48
CMTY EDUC SPEC 4,48
LEAVE OF ABSENCE SPEC 3,48
CUSTODIAL HC SUPV 1 EX,48
IT SCRTY ANL 5,48
GROUNDS EQUIP OPR,48
CLERK,48
RECR PRG LEADER 3,49
AMBUL CARE ADMSTN MGR 3,49
CLIN RSCH MGR 1,49
ASSOC LIBRARIAN-POTNTL CAREER,49
PAT BILL AND COLL SUPV 2,49
STDT DISABILITY SPEC 3 SV,49
BIOMED EQUIP TCHN 3,49
ECHOCARDIOGRAPHIC TCHN SR,49
MUSEUM SCI AST,49
ACAD PRG MGT SUPV 2,49
CTRL STERILE SUPV 1,50
PAT NAVGTR CLIN 4 HX,50
FAC PROJECT MGT SPEC 5,50
VIS ASST PROJ SCIENTIST,50
STDT ACAD SPEC 2,50
STDT ADVISOR SUPV 2,50
PLNG SPEC 3,50
CLIN LAB SCI SPEC PD,50
ACCESS REPR PD,50
ENTERPRISE RISK MGT ANL 4,50
FAC PROJECT MGT SPEC 4 HC,50
ANESTHETIST NURSE SR EX,50
PROCUREMENT ANL 4,50
ANL 1,50
MED CTR COOK PD,51
PHYS PLT MECH,51
STERILE PROCESSING TCHN 4,51
CLIN NURSE OR ADV PRACT SPEC 5,51
AMBUL CARE PAT SUPV 1,51
PUBL EDUC SPEC 1,51
PAT CARE TCHN,51
OPHTHALMIC TCHN 1,51
INDUSTRY ALLNS SPEC 4,51
EVENTS SPEC 1,52
CLIN SOCIAL WORKER 1 EX CEH,52
LOCKSMITH,52
ADMISSIONS RECRMT SPEC 3,52
CWSP-ON CAMPUS,52
STORES WORKER,52
CURRICULUM PLNR 2,52
THEATER PROD SPEC 2,52
BIOINFORMATICS PROGR 4 RP,52
EHS SPEC 3,53
RSCH DATA ANL 4,53
SPECIALIST COOP EXT,53
ANESTHETIST NURSE SR PD,53
K-12 INSTRUCTOR-AY,53
ASSOC ADJ PROF-AY,53
MED CTR FOOD SVC WORKER SR PD,53
MATERIALS MGT HC SPEC 3,53
ADMISSIONS RECRMT SUPV 2,53
INTERN-CLIN PSYCH-GEN CAMP NEX,53
HEALTH PROFNS EDUC SPEC 4 CX,54
GI ENDOSCOPY TCHN 3,54
CLIN INFORMATICS SPEC 3,54
BUS SYS ANL MGR 1,54
FAC WORKER,54
CT TCHNO PD,54
SYS INTEGRATION ENGR 4 TX,54
SCENE TCHN SR,54
GENETIC CNSLR 3 EX,55
SYS ADM 5,55
BEH HEALTH PSYCHTRC PROFL 2 HX,55
K TO 14 ACAD PREP SPEC 4,55
MED INTERPRETER 2,55
APPLICATIONS PROGM MGR 1,55
SUPV TEACHER ED-AY,55
ASSOC ADJ PROF-FY,55
FOOD SVC WORKER SR PD,56
PHYS THER AST 2,56
ACAD PERSONNEL ANL 3,56
SYS OPR,56
IP OFCR 3,56
SOCIAL WORK HC SUPV 2,56
RESID PHYS/SUBSPEC/T32/REP,56
STRAT SOURCING PROFL 4,56
DIETETIC AST,56
PAT SPECIALTY SVC TCHN,57
AUDIOLOGIST SR EX,57
CLIN SOCIAL WORKER 2 CEH,57
POST DDS I-VI/REP,57
STDT LIFE DEV SPEC 4,57
ELECTR TCHN PRN,57
FUNDRAISER 1 NEX,57
PHYS PLT LABORER GARDENER B,57
BUS INTEL SPEC 2,57
RADLG TCHNO SR PD,57
HEALTH PROFNS EDUC SUPV 2,58
SPEECH PATHOLOGIST PD,58
QLTY IMPV HC SPEC 3,58
CLIN LIC SOCIAL WORKER PD,58
LIBRARIAN-CAREER NON REP,58
HOSP LAB TCHN 4,58
ADJ PROF-FY,58
TEMPORARY HELP,58
CMPTL & DATA SCI RSH SPEC 3 RP,58
REVENUE CYCLE HC ANL 4,58
ACAD ACHIEVEMENT CNSLR 2,58
RECR PRG INSTR 1,59
STDT HEALTH PHYSCN 4,59
HEALTH EDUCATOR 3 SV,59
RESID PHYS I/REP-OV,59
INSTRUCTIONAL DESIGNER 4,59
COOP EXT ADVISOR,59
AGRON AES-AY,59
APPLICATIONS PROGR 5,59
REGL AND CMPLNC HC SPEC 4,59
PAT TRANSPORT TCHN 2 PD,59
PROJECT POLICY ANL SUPV 2,59
REGISTRAR SPEC 3 SV,59
MED CTR FOOD SVC WORKER,60
PROJECT POLICY ANL MGR 1,60
CUSTODIAL SUPV 2,60
DIETITIAN PD,60
RSCH CMPLNC ANL 4 RP,60
MAMMOGRAPHY TCHNO,60
BLANK AST 3 PD,61
COGEN OPR,61
DECISION SUPP SPEC 4,61
OPTOMETRIST 3 HX,61
TCHN VMTH,61
HR MGR 1,61
RAD THER TCHNO,61
REGISTRAR SPEC 2,61
BUS SYS ANL SUPV 2,61
MED CTR STOREKEEPER SR,61
CAREER SVC SPEC 3,61
STUDENT (MISCELLANEOUS),61
LECT IN SUMMER SESSION,62
IT ARCHITECT 4,62
BUS SYS ANL 5,62
CLIN APPLICATIONS PROFL 5,62
CHILD DEV CTR TEACHER 2 LD,62
EMPLOYEE REL REPR 4,62
ARTIST SR,63
ULTRASOUND TCHNO PD,63
PGY2 SPEC POST PHARMD TRAINEE,63
MAIL PROCESSOR SR,63
REG DENTAL AST,64
RECR PRG INSTR 3,64
FUNDRAISER 2 NEX,64
NUC MED TCHNO SR,64
CONTRACT ADM 3,64
LABOR REL REPR 4,64
PHARMACY TCHN 1 PD,64
BEH HEALTH PSYCHIATRIC SUPV 2,64
FOOD SVC HC SUPV 1,65
PUBLICATIONS PROD SPEC 2,65
ULTRASOUND TCHNO SR PD,66
CMPTL & DATA SCI RSH SPEC 4 RP,66
MEDIA COMM SPEC 2,66
BEH HEALTH PSYCHTRC PROFL 4 HX,66
REHAB SVC SUPV 2,66
STDT SVC ADVISOR 4,66
AGRON AES,66
PHYS THER 1 PD,66
STDT LIFE DEV MGR 1,67
RSDT ADVISOR 2,67
PROF-SFT-VM,67
INSTITUTIONAL RSCH ANL 4,67
EMERGENCY TRAUMA TCHN PD,67
RESID PHYS I/REP-CMTY,67
FOOD SVC WORKER PRN,67
DATABASE ADM 4,67
PUBLICATIONS PROD SPEC 3,68
CONTRACTS AND GRANTS MGR 1,68
BIOINFORMATICS PROGR 2,68
INSTITUTIONAL RSCH ANL 3,68
PHYS THER 2 EX,68
AMBUL CARE PAT MGR 2,68
CONTRACT ADM 4,68
HS ASSOC CLIN PROF-FY,69
RESP CARE SUPV 2,69
VISUAL COMM SPEC 4,69
RESID PHYS/SUBSPEC 4-8/REP-FNO,69
PAT RCDS ABSTRACTOR 2,69
GI ENDOSCOPY TCHN 1,69
PROJECT POLICY ANL 5 RP,69
FOOD SVC MGR 1,69
REVENUE CYCLE HC SUPV 2,69
TRAINER 2,69
PAT ESCORT,69
CTRL SVC TCHN 2,70
IT ARCHITECT 5,70
SCENE TCHN,70
HOSP AST 1 PD,70
FUNDRAISING MGR 2,71
ASST PROF OF TEACH-AY-B/E/E,71
EMPLOYMENT REPR 4,71
PHARMACIST 2 PD,71
BIOMED EQUIP TCHN 2,71
MRI TCHNO PD,71
CLIN APPLICATIONS MGR 1,71
BUS TCHL SUPP SUPV 2,71
ASSOC LIBRARIAN -CAREER STATUS,71
CLIN RSCH ANL 4 RP,72
PROJECT POLICY ANL 5,72
FAC SUPV 1,72
STOREKEEPER,72
SCRTY SUPV 1 HC,72
ASSOC PROF OF TEACH-AY-B/E/E,72
ACAD HR ANL 4,73
CARE SUPV 1,73
STDT SVC ADVISOR 1,73
NURSE AID SR PD,73
STDT ACAD SPEC 3 SV,73
PAYROLL ANL 3,73
PRE-SIX YR APPT-TEMP SUPP-1/9,73
DIETITIAN SR,73
BLDG MAINT WORKER,74
STDT 2 NON UC,74
FINANCIAL SVC SUPV 1,74
STDT LIFE DEV SPEC 4 SV,74
RECALL NON-FACULTY ACAD NEX,74
NON-PHYS CLIN TRAIN NEX,74
AMBUL CARE ADMSTN MGR 2,74
VETERINARIAN 3,75
ALUMNI EXTERNAL REL SPEC 2,75
PHYSCN SR,75
RAD THER TCHNO SR,75
LIFEGUARD,75
FINANCIAL AID OFCR 2,75
CLIN DOC SPEC 4 HX,76
HVAC MECH,76
MUSEUM SCI SR,76
HEALTH TCHN 2 VMTH,76
BEH HEALTH COUNSELOR 3 HX,76
APPLICATIONS PRG SUPV 2,76
PHARMACY MGR 1,76
DATA SYS ANL 2,76
FUNDRAISING MGR 1,77
OCCUPATIONAL THER 2 PD,77
ADJ PROF-AY,78
ORGANIZATIONAL CNSLT 5,78
EDUC TCHL SPEC 3 TX,78
DIGITAL COMM SPEC 4,78
STDT PHARMACY INTERN,78
HISTO TCHNO 2,78
OPS ROOM SUPP AST,78
VOC NURSE PD,78
FAC MGR 1,78
FAC SUPV 2,79
POLICE SERGEANT SUPV 2 SA,79
BEH HEALTH PSYCHTRC PROFL 3 HX,79
GEN ACCOUNTANT 2,79
MARKETING SPEC 4,79
K TO 12 EDUCATOR 3,79
FIELD RESEARCHER 2,80
LIBRARY PROFL 4 CX,80
EVENTS SPEC 4,80
BIOINFORMATICS PROGR 3 RP,80
ACAD PRG MGT OFCR 3,80
HEALTH EDUCATOR 3,81
EHS SPEC 2 NEX RX,81
COMM MGR 1,81
RESID PHYS I/REP-FNO,82
WRITER EDITOR 4,82
BENEFITS ANL 3,82
HS CLIN PROF-FY,82
ADMIN MGR 3,82
PHYS THER 2 PD,82
STDT SVC SUPV 2,82
PHYS THER 3 NEX,83
ETHICS AND CMPLNC PROFL 4,83
BEH HEALTH COUNSELOR 2 HX,84
PUBL SFTY DISPATCHER,84
EMPLOYMENT REPR 2,84
PAT BILL AND COLL REPR 3,84
STDT VOLUNTEER,85
HR SUPV 2,85
LAB RSCH SUPV 2,85
POST DDS I-VI/NON REP,85
GI ENDOSCOPY TCHN 2,85
STDT RSDNC HALLS,85
REVENUE CYCLE HC ANL 1 EX,85
BEH HEALTH COUNSELOR 4 HX,86
AUDIT PROFL 3,86
MED STF SVC SPEC 3,86
FINANCIAL SVC SUPV 2,86
STDT LIFE DEVT SUPV 2,86
STOREKEEPER SR,86
SYS ADM 2 TX,87
GSR-TUIT & FEE REM-UCSD-GRP C,87
RSCH ADM 4,87
POSTDOC-EMPLOYEE NEX,87
TRAINER 4,87
RADLG TCHNO PD,88
PHARMACY SUPV 2,88
CMTY EDUC SPEC 1,88
SURGICAL TCHN PRN,88
COMPUTER RESC SPEC 2,88
FOOD SVC SUPV 2,89
MED AST 2 PD,89
STDT 3 NON UC,89
STDT ACAD ADVISOR 4 SV,89
TRANSPLANT CRD 2,90
AMBUL CARE ADMSTN CRD 3 CX,90
COUNSEL 4,90
CLIN NURSE OR ADV PRACT SPEC 4,90
RESID PHYS II-VIII/REP-OV,90
PAT SUPP SVC SUPV 1,90
HS ASST CLIN PROF-FY,90
ATH PROFL 3 BYA,91
EXEC ADVISOR 5,91
INTERN-CLINICAL PSYCHOLOGY NEX,91
PHYS THER 3 EX,92
IT SCRTY ANL 4,92
CLIN SOCIAL WORKER 2 PD,92
PAT BILL AND COLL SUPV 1,92
MEDIA COMM SPEC 3,92
PARKING REPR SR,93
LVN SUPV 1,93
ATH TRAINER 3 HX,94
BENEFITS ANL 2,94
IT SCRTY ANL 3,95
TEACHG ASST-1/10-NON GSHIP,95
LAB RSCH SUPV 1,95
ASST PROJ SCIENTIST-FY-B/E/E,95
SKLD CRAFTS TRADES SUPV 2,95
HEALTH PROFNS EDUC SPEC 3,95
ASST SPECIALIST NEX,96
ACADEMIC COORD III-FY,96
STDT SVC MGR 1,96
INFO SYS MGR 2,96
MAINT MECH,97
CARPENTER,97
BLANK AST 1 PD,97
OTH POST DDS/REP,97
FINANCIAL ANL MGR 2,97
CMTY EDUC SPEC 3,97
FINANCIAL ANL 5,98
FOOD SVC WORKER LD,98
OPS ROOM AST 2,98
ANESTHESIA TCHN 2,98
ORGANIZATIONAL CNSLT 3,98
ETHICS AND CMPLNC PROFL 3,98
PHARMACIST 5 HX,99
CAREER SVC SPEC 4 SV,100
HOSP LAB TCHN 1 PD,101
FINANCIAL ANL SUPV 2,101
STDT LIFE DEVT SUPV 1,102
SURGICAL TCHN PD,102
VIS PROF,103
ASST COOP EXT ADVISOR,104
NURSE CRD,104
STEAM OPS ENGR,105
RSCH DATA ANL 4 RP,105
EXEC AST 3,106
PAT NAVGTR NON-CLIN 3,106
HR GENERALIST 4,106
REVENUE CYCLE HC ANL 2,106
FINANCIAL SVC ANL 3,107
ACAD ACHIEVEMENT CNSLR 3 SV,107
HEALTH INFO CODER 4,108
MED CTR ENVIR SVC WORKER 1,108
RADLG SVC SUPV 2,109
RESID PHYS II-VIII/REP-CMTY,110
CLIN NURSE EDUC 3,110
DEAN,110
LECT-FY-CONTINUING,110
HEALTH INFO CODER 3,111
INTERVENTNL RADLG TCHNO,112
CAREER SVC SPEC 3 SV,112
ULTRASOUND TCHNO,112
LECT-AY-1/9-CONTINUING,113
MRI TCHNO SR,113
CLIN RSCH SUPV 2,113
FINANCIAL AID OFCR 3 SV,114
CHEF 2,114
ACAD PRG MGR 1,114
INSTRUCTIONAL DESIGNER 3,115
PAT TRANSPORT TCHN 2,115
EXEC ADVISOR 4,115
COMM AND NETWORK TCHL ANL 4 TX,115
CASE MGR NEX,115
GEN ACCOUNTANT 4,116
STDT ACTIVITIES APPT OFFICIAL,116
PROF-FY,116
PERF ARTIST 3,116
MED CTR FOOD SVC WORKER PRN PD,116
STDT LIFE DEV SPEC 3,116
RSCH CMPLNC ANL 2,117
RSCH DATA ANL 1,117
BLANK AST 2 PD,118
CT TCHNO SR,118
SCRTY GUARD SR,118
PGY1 POST PHARMD TRAINEE,118
TCHL PROJECT MGT PROFL 3,118
SOCIAL WORK ASC,120
AMBUL CARE PAT MGR 1,120
ALUMNI EXTERNAL REL SPEC 4,121
GSR-TRAINEE-TUIT REM,121
CERT PHLEBOTOMY TCHN 1 PD,121
STDT SVC ADVISOR 3,122
AUTO EQUIP OPR SR,122
CHILD DEV CTR TEACHER 1,122
STERILE PROCESSING TCHN 1,122
RSCH AND DEV ENGR 1 TX,122
HOSP AST 2 PD,123
EMERGENCY TRAUMA TCHN SR,123
PROCUREMENT ANL 2,124
CONTRACTS AND GRANTS SUPV 2,125
AST PHYSCN,125
RSCH AND DEV ENGR 4 TX,125
CHILD DEV CTR AST,125
MARKETING SPEC 2,125
ACADEMIC ADMINISTRATOR VII,126
HEALTH INFO CODER 2,127
LABORER,127
COMM AND NETWORK TCHL ANL 3 TX,127
INFO SYS SUPV 2,128
PAT CARE AST PD,128
PROF OF TEACH-AY,129
HOSP UNIT SVC CRD PD,129
PAT BILLER 4,129
TCHN SR,129
BLANK AST 4,130
ADJUNCT PROFESSOR,131
PLUMBER,131
INFO SYS ANL 2,131
BUS SYS ANL 2,131
FAC PROJECT MGT SPEC 3,132
CLIN CARE PARTNER,132
BUS INTEL SPEC 4,132
CLIN LIC SOCIAL WORKER,133
MUSEUM SCI,133
RECALL TEACHING,135
BUS INTEL SPEC 3,135
PUBL EDUC SPEC 2,135
VOC NURSE,136
EHS SPEC 4,136
STDT LIFE DEV SPEC 2,136
CLIN NURSE EDUC 4,136
FINANCIAL ANL 3,137
CASE MGR PD,137
HOSP UNIT SVC CRD 2,137
POSTDOC-FELLOW,138
PHARMACY TCHN 2 PD,139
CHILD DEV CTR TEACHER 2,140
ACADEMIC COORD I-FY,141
AMBUL CARE PAT SUPV 2,142
K TO 14 ACAD PREP SPEC 2,143
ASSOC RES-FY,143
OCCUPATIONAL THER 2 NEX,144
ACAD PRG MGT OFCR 4,144
CNSLNG PSYCHOLOGIST 3 HX,144
NON-PHYS CLIN TRAIN,144
MED CTR STOREKEEPER,145
ACAD PRG MGT OFCR 3 RP,145
RESP CARE PRACT TCHN,146
COACH AST 2,147
FAC MGT SPEC 2 CX,149
ALUMNI EXTERNAL REL SPEC 3,150
RADLG TCHNO PRN,151
COOK AST,151
APPLICATIONS PROGR 2,152
RSCH DATA ANL 3,152
ASSOC PROF OF TEACH-AY,154
READER-NON STDNT,154
FAC PROJECT MGT SPEC 4,155
EXEC AST 4,155
K TO 14 ACAD PREP SPEC 3,155
REVENUE CYCLE HC ANL 3,155
PSYCHOLOGIST 2,156
HOSP BLANK AST 4,157
AMBUL CARE ADMSTN CRD 2 CX,158
ASST PROF-HCOMP,158
SPECIAL READER-UCLA-GSHIP,159
ADMIN OFCR 4 CX,159
EMERGENCY TRAUMA TCHN,159
PAYROLL ANL 2,159
ASST ADJ PROF-AY,160
EMPLOYMENT REPR 3,161
STDT SVC ADVISOR 4 SV,162
TUT-NON STDNT,162
QLTY IMPV HC SPEC 4 HX,162
CT TCHNO,162
HEAD COACH 5,163
CLIN LAB SCI PD,163
CLIN LAB SCI SPEC SR,165
DATA SYS ANL 3,165
CLIN RSCH CRD SR EX,166
CUSTODIAN LD,167
PHYSCN AST,167
STDT ACAD ADVISOR 2,168
PAT RCDS ABSTRACTOR 4,168
ASST PROF OF TEACH-AY,168
CLIN RSCH SUPV 1,168
INFO SYS MGR 1,171
FAC MGT SPEC 3 CX,171
MRI TCHNO,172
ACAD PRG MGT OFCR 4 RP,172
FINANCIAL ANL 4,173
STERILE PROCESSING TCHN 3,173
FAC MECH,174
RSCH AND DEV ENGR 2 TX,176
GSR-TUIT & FEE REM-UCSD-GRP D,176
ULTRASOUND TCHNO PRN,177
CUSTODIAL SUPV 1,177
PROCUREMENT ANL 3,177
PAT ACCESS SVC SUPV 1,178
RESID-VET MED/NON REP,179
FINANCIAL ANL MGR 1,179
HEALTH TCHN 3 VMTH,180
PHARMACIST PD,180
RECALL NON-FACULTY ACAD,181
RSCH CMPLNC ANL 3 RP,181
LECT-FY,182
CLERK SR OR SECR,183
ACCESS REPR SR,184
MED CTR CUSTODIAN SR PD,184
RECALL HCOMP,184
ADMIN OFCR 4,186
PROF-AY-LAW,186
MARKETING SPEC 3,187
ADJ PROF-HCOMP,188
RSCH ADM 3,188
LIBRARY AST 3,189
CLIN LAB SUPV 2,190
ASSOC PROF-HCOMP,190
STF PHARMACIST 1 NEX,192
HEALTH EDUCATOR 2,193
DIETITIAN 2,193
FOOD SVC SUPV 1,194
MED AST 1,195
NURSE PRACT PD,195
CLIN INFORMATICS SPEC 4,195
HOSP AST 3 PD,196
CERT PHLEBOTOMY TCHN 1,197
CLIN NURSE 1,197
WRITER EDITOR 3,197
AUTO EQUIP OPR PRN,197
STDT INTRA SPORTS 1,197
TEACHER-SPEC PROG,198
ASSOC ADJ PROF-HCOMP,199
ANESTHETIST NURSE SR NEX,201
FUNDRAISER 5,202
LIBRARIAN-CAREER STATUS,202
PERF ARTIST 2,202
DATA SYS ANL 4,202
RES-FY,205
GEN ACCOUNTANT 3,206
ADMISSIONS RECRMT SPEC 2,207
PHARMACIST SR EX,207
INTRM POSTDOC SCHOLAR-EMPLOYEE,207
AMBUL CARE ADMSTN MGR 1,208
VIS ASST PROF,211
SCRTY GUARD,211
LIBRARY AST 4,212
RSCH AND DEV ENGR 3 TX,212
HOSP AST PD,213
PUBL EDUC SPEC 3,213
STDT 4 NON UC,215
SURGICAL TCHN,215
NURSE SVC MGR 2,217
NURSE SVC MGR 1,217
ADMISSIONS RECRMT SPEC 3 SV,219
COMM SPEC 4,219
TCHL PROJECT MGT PROFL 4,220
ELECTRN,220
ADMIN SUPV 1,220
ADMITTING WORKER SR,221
REMD TUT II-GSHIP,222
MED CTR SCRTY OFCR SR,223
ORGANIZATIONAL CNSLT 4,223
AMBUL CARE ADMSTN SUPV 2,225
EHS SPEC 3 RX,235
RADLG TCHNO,236
ADMITTING WORKER,238
PAINTER,239
TRAINER 3,240
CLIN RSCH CRD SR NEX,241
GSR-TUIT & FEE REM-UCSD-GRP B,241
PHYS THER 2 NEX,241
ASSOC PROF IN RES-HCOMP,243
COLL REPR,245
CLIN SOCIAL WORKER 2,246
PROJECT POLICY ANL 1,246
PARKING REPR,248
SR LECT-AY-CONTINUING,249
FUNDRAISER 3,249
COOK SR,253
CLIN APPLICATIONS PROFL 3,254
JR SPECIALIST NEX,255
PAT RCDS ABSTRACTOR 3,259
RADLG TCHNO SR,263
PAT SUPP AST,263
GSR-TUIT & FEE REM-UCSD-GRP F,265
HEALTH PROFNS EDUC SPEC 3 CX,265
GSR-TUIT & FEE REM-UCSD-GRP E,265
ADMIN MGR 2,266
RESID PHYS II-VIII/REP-FNO,267
STDT CLIN,268
LAB AST 3,269
ASST PROF IN RES-HCOMP,270
STDT IT,273
GSR-FELLOW-TUIT REM,273
BUS TCHL SUPP ANL 3 TX,275
HOSP LAB TCHN 3,275
SRA 2,276
PROJECT POLICY ANL 4,277
COLL REPR SR,278
MED CTR FOOD SVC WORKER PRN,282
MED CTR COOK,284
ULTRASOUND TCHNO SR,286
EVENTS SPEC 2,286
FINANCIAL SVC ANL 3 CX,289
TELEMETRY TCHN,289
PUBL EDUC SPEC 4,292
PAT NAVGTR NON-CLIN 2 CX,292
FUNDRAISER 4,295
COACH AST 3,296
HR GENERALIST 3,297
FINANCIAL ANL 4 CX,299
ACAD HR ANL 2,301
MED CTR SCRTY OFCR,302
ACCESS REPR PRN,302
SYS ADM 4,305
BLDG MAINT WORKER SR,306
ADMIN OFCR 3,306
ACADEMIC COORD II-FY,309
POLICE OFCR,309
EVENTS SPEC 3,314
SRA 4,315
ACAD HR ANL 3,320
ASST RES-FY,320
GROUNDSKEEPER,321
DIGITAL COMM SPEC 3,322
HOSP BLANK AST 1,322
FINANCIAL ANL 2 CX,323
STDT LIFE DEV SPEC 3 SV,323
REG RESP THER PD,324
CLIN LAB SCI SPEC,324
ASST ADJ PROF-HCOMP,325
PROJ SCIENTIST-FY,328
NURSE AID SR,330
INFO SYS ANL 4,332
RSCH DATA ANL 3 RP,332
STDT INTERN,333
ADMIN SUPV 2,335
EVENTS CRD 2,337
STDT CAMP PRG ONSITE,340
SYS ADM 3 TX,342
PHYSCN AST SR,343
ASSOC PROJ SCIENTIST-FY,345
EXEC AST 3 CX,346
COMM SPEC 3,347
BUS SYS ANL 4,351
STDT EVENTS,353
ASST PROF OF CLIN-HCOMP,354
SURGICAL TCHN SR,364
ADMIN NURSE 1,373
TCHN,375
RESP THER 2,375
CMTY EDUC SPEC 2,378
HOSP UNIT SVC CRD 3,382
INFO SYS ANL 3,382
ASSOC PROF OF CLIN-HCOMP,386
RSCH DATA ANL 2,395
PROJECT POLICY ANL 3,403
HEALTH PROFNS EDUC SPEC 2 CX,403
CERT PHLEBOTOMY TCHN 2,404
STDT ACAD ADVISOR 3 SV,404
NURSE PRACT 3,405
AMBUL CARE ADMSTN SUPV 1,407
HOSP LAB TCHN 1,408
ASSOC IN__-AY- 1/10 -NON-GSHIP,412
STERILE PROCESSING TCHN 2,416
ADMIN CARE CLIN PARTNER PD,417
ASSOC SPECIALIST,421
STDT PEER CNSLR,423
OTH POST-MD TRAIN 2-8/REP,428
MED CTR FOOD SVC WORKER SR,436
HR GENERALIST 2,439
CLIN NURSE 4,447
ASC PHYSCN,449
MED OFC SVC CRD 2,452
PROJECT POLICY ANL 4 RP,453
MED OFC SVC CRD 3,454
RSCH ADM 4 RP,457
STDT SVC ADVISOR 3 SV,458
STDT 1 NON UC,461
ADMISSIONS EVALUATOR 3,471
BLANK AST 1,484
ASSOC PROF-AY-B/E/E,484
FOOD SVC WORKER SR,485
RSCH ADM 2 CX,485
FINANCIAL ANL 3 CX,490
APPLICATIONS PROGR 4,494
LAB AST 1,495
MED CTR CUSTODIAN,508
PAT CARE AST,510
PHARMACY TCHN 3,513
ADMIN MGR 1,523
ASST PROF-AY-B/E/E,524
BUS SYS ANL 3,529
MED AST,538
STDT SVC ADVISOR 2,538
PRACTICE CRD 2,552
STDT RESEARCHER,564
CASE MGR EX,600
CLIN APPLICATIONS PROFL 4,603
PROF IN RES-HCOMP,603
PHARMACY TCHN 2,609
COOK,620
ASST SPECIALIST,623
BUS TCHL SUPP ANL 2 TX,624
HS CLIN INSTR-HCOMP,624
CLIN SOCIAL WORKER 3,632
HOSP LAB TCHN 2,632
APPLICATIONS PROGR 3,633
CUSTODIAN,636
TEACHG FELLOW-GSHIP,637
REG RESP THER 1,644
HOSP AST SR,656
ADMITTING WORKER PRN,666
RESC NURSE PD,675
CLIN RSCH CRD AST,675
LECT-AY-1/10,676
FINANCIAL SVC ANL 2 CX,685
ADMIN CARE CLIN PARTNER,686
LAB AST 2,697
RECALL FACULTY,718
SPECIALIST,719
STDT AID OUTSIDE AGENCY,742
NURSE SVC SUPV 2,743
PROJECT POLICY ANL 3 RP,779
PAT BILLER 3,783
MED AST 2,784
RSCH ADM 3 RP,822
STF PHARMACIST 2,825
FOOD SVC WORKER,828
ADMIN OFCR 3 CX,855
ASSOC IN __ -AY-1/9-GSHIP,869
MED AST 3,886
HOSP BLANK AST 2,892
PROF OF CLIN-HCOMP,895
PROJECT POLICY ANL 2,898
CLIN LAB SCI,908
SRA 3,938
ASST PROJ SCIENTIST-FY,941
GSR TRAINEE/FELLOW SUPPLEMENT,987
JR SPECIALIST,1088
GSR-NO REM,1103
RESID PHYS I/REP,1106
PAT COMM REPR,1108
STDT RECR 1,1109
VOC NURSE SR,1135
RECR PRG INSTR 2,1135
PROF-HCOMP,1174
LECT-AY-CONTINUING,1184
REMD TUT I-NON GSHIP,1228
ASC PHYSCN DIPLOMATE,1235
LECT-AY,1237
PROF-AY-B/E/E,1242
ASST PROF-AY,1249
PRACTICE CRD 3,1306
TUT-GSHIP,1316
LECT-AY-1/9,1384
NURSE PRACT 2,1407
SRA 1,1417
SRA 2 NEX,1454
CLIN RSCH CRD,1549
MED CTR CUSTODIAN SR,1557
ASSOC PROF-AY,1582
RESID PHYS/SUBSPEC 4-8/REP,1607
HS ASSOC CLIN PROF-HCOMP,1639
HS CLIN PROF-HCOMP,1713
READER-NON GSHIP,1732
READER-GSHIP,1746
ADMIN OFCR 2 CX,1777
CLIN NURSE 3,2019
TUT-NON GSHIP,2065
HOSP BLANK AST 3,2090
HS ASST CLIN PROF-HCOMP,2395
BLANK AST 2,2441
GSR-TUIT & FEE REM,2470
TEACHG ASST-1/10-GSHIP,2665
CUSTODIAN SR,2908
NURSE PD,3121
PROF-AY,3491
GSR-PARTIAL FEE REM,3521
RESID PHYS II-VIII/REP,4213
GSR-FULL FEE REM,5121
BLANK AST 3,6253
POSTDOC-EMPLOYEE,7661
STDT 3,11420
TEACHG ASST-GSHIP,12914
STDT 1,14361
STDT 4,16262
STDT 2,17185
CLIN NURSE 2,17471
