cto,cto_name,title_code,title,salary_table,status
010,PROFESSORIAL-TENURE,001100,PROF-AY,1,active
010,PROFESSORIAL-TENURE,001103,PROF-AY-1/9,1,active
010,PROFESSORIAL-TENURE,001104,UNIV PROF,,active
010,PROFESSORIAL-TENURE,001110,PROF-FY,2,active
010,PROFESSORIAL-TENURE,001143,PROF-AY-B/E/E,3,active
010,PROFESSORIAL-TENURE,001144,PROF-FY-B/E/E,4,active
010,PROFESSORIAL-TENURE,001145,PROF-AY-1/9-B/E/E,3,active
010,PROFESSORIAL-TENURE,001180,PROF-AY-LAW,8,active
010,PROFESSORIAL-TENURE,001181,PROF-AY-1/9-LAW,8,active
010,PROFESSORIAL-TENURE,001200,ASSOC PROF-AY,1,active
010,PROFESSORIAL-TENURE,001203,ASSOC PROF-AY-1/9,1,active
010,PROFESSORIAL-TENURE,001210,ASSOC PROF-FY,2,active
010,PROFESSORIAL-TENURE,001243,ASSOC PROF-AY-B/E/E,3,active
010,PROFESSORIAL-TENURE,001244,ASSOC PROF-FY-B/E/E,4,active
010,PROFESSORIAL-TENURE,001245,ASSOC PROF-AY-1/9-B/E/E,3,active
010,PROFESSORIAL-TENURE,001719,ASSOC PROF-HCOMP,5,active
010,PROFESSORIAL-TENURE,001721,PROF-HCOMP,5,active
010,PROFESSORIAL-TENURE,001899,ASSOC PROF-SFT-VM,7,active
010,PROFESSORIAL-TENURE,001901,PROF-SFT-VM,7,active
011,PROFESSORIAL-NON-TENURE,001300,ASST PROF-AY,1,active
011,PROFESSORIAL-NON-TENURE,001303,ASST PROF-AY-1/9,1,active
011,PROFESSORIAL-NON-TENURE,001310,ASST PROF-FY,2,active
011,PROFESSORIAL-NON-TENURE,001343,ASST PROF-AY-B/E/E,3,active
011,PROFESSORIAL-NON-TENURE,001344,ASST PROF-FY-B/E/E,4,active
011,PROFESSORIAL-NON-TENURE,001345,ASST PROF-AY-1/9-B/E/E,3,active
011,PROFESSORIAL-NON-TENURE,001403,INSTR-AY-1/9,1,active
011,PROFESSORIAL-NON-TENURE,001715,INSTR-HCOMP,5,active
011,PROFESSORIAL-NON-TENURE,001717,ASST PROF-HCOMP,5,active
011,PROFESSORIAL-NON-TENURE,001895,INSTR-SFT-VM,7,active
011,PROFESSORIAL-NON-TENURE,001897,ASST PROF-SFT-VM,7,active
012,PROFESSORIAL-RECALL,001699,RECALL TEACHING NON-SENATE,1*,active
012,PROFESSORIAL-RECALL,001700,RECALL TEACHING,1*,active
012,PROFESSORIAL-RECALL,001701,RECALL HCOMP,5*,active
012,PROFESSORIAL-RECALL,001702,RECALL FACULTY,1*,active
016,PROFESSORIAL-EMERITUS,001132,PROF EMERITUS(WOS),,active
114,ACTING PROFESSOR-SENATE,001101,ACT PROF-AY-1/9,1,active
114,ACTING PROFESSOR-SENATE,001107,ACT PROF-AY,1,active
114,ACTING PROFESSOR-SENATE,001117,ACT PROF-FY,2,active
114,ACTING PROFESSOR-SENATE,001182,ACT PROF-AY-LAW,8,active
114,ACTING PROFESSOR-SENATE,001183,ACT PROF-AY-1/9-LAW,8,active
114,ACTING PROFESSOR-SENATE,001201,ACT ASSOC PROF-AY-1/9,1,active
114,ACTING PROFESSOR-SENATE,001207,ACT ASSOC PROF-AY,1,active
114,ACTING PROFESSOR-SENATE,001217,ACT ASSOC PROF-FY,2,active
114,ACTING PROFESSOR-SENATE,001540,ACT ASSOC PROF-HCOMP,5,active
114,ACTING PROFESSOR-SENATE,001542,ACT PROF-HCOMP,5,active
114,ACTING PROFESSOR-SENATE,001900,ACT ASSOC PROF-SFT-VM,7,active
114,ACTING PROFESSOR-SENATE,001902,ACT PROF-SFT-VM,7,active
114,ACTING PROFESSOR-SENATE,001971,ACT PROF-AY-B/E/E,3,active
114,ACTING PROFESSOR-SENATE,001972,ACT PROF-FY-B/E/E,4,active
114,ACTING PROFESSOR-SENATE,001973,ACT PROF-AY-1/9-B/E/E,3,active
114,ACTING PROFESSOR-SENATE,001974,ACT ASSOC PROF-AY-B/E/E,3,active
114,ACTING PROFESSOR-SENATE,001975,ACT ASSOC PROF-FY-B/E/E,4,active
114,ACTING PROFESSOR-SENATE,001976,ACT ASSOC PROF-AY-1/9-B/E/E,3,active
124,ACTING PROFESSOR-NON-SENATE,001301,ACT ASST PROF-AY-1/9,1,active
124,ACTING PROFESSOR-NON-SENATE,001307,ACT ASST PROF-AY,1,active
124,ACTING PROFESSOR-NON-SENATE,001317,ACT ASST PROF-FY,2,active
124,ACTING PROFESSOR-NON-SENATE,001564,ACT ASST PROF-HCOMP,5,active
124,ACTING PROFESSOR-NON-SENATE,001898,ACT ASST PROF-SFT-VM,7,active
124,ACTING PROFESSOR-NON-SENATE,001977,ACT ASST PROF-AY-B/E/E,3,active
124,ACTING PROFESSOR-NON-SENATE,001978,ACT ASST PROF-FY-B/E/E,4,active
124,ACTING PROFESSOR-NON-SENATE,001979,ACT ASST PROF-AY-1/9-B/E/E,3,active
210,PROFESSOR OF TEACHING - SOE,001603,PROF OF TEACH-AY,1,active
210,PROFESSOR OF TEACHING - SOE,001604,PROF OF TEACH-AY-1/9,1,active
210,PROFESSOR OF TEACHING - SOE,001607,ASSOC PROF OF TEACH-AY,1,active
210,PROFESSOR OF TEACHING - SOE,001608,ASSOC PROF OF TEACH-AY-1/9,1,active
210,PROFESSOR OF TEACHING - SOE,001612,PROF OF TEACH-AY-1/10,1,active
210,PROFESSOR OF TEACHING - SOE,001613,PROF OF TEACH-FY,2,active
210,PROFESSOR OF TEACHING - SOE,001614,ASSOC PROF OF TEACH-AY-1/10,1,active
210,PROFESSOR OF TEACHING - SOE,001617,ASSOC PROF OF TEACH-FY,2,active
210,PROFESSOR OF TEACHING - SOE,001618,ASSOC PROF OF TEACH-HCOMP,5,active
210,PROFESSOR OF TEACHING - SOE,001619,PROF OF TEACH-HCOMP,5,active
210,PROFESSOR OF TEACHING - SOE,001656,PROF OF TEACH-AY-1/9-LAW,8,active
210,PROFESSOR OF TEACHING - SOE,001658,PROF OF TEACH-AY-1/10-LAW,8,active
210,PROFESSOR OF TEACHING - SOE,001668,PROF OF TEACH-SFT-VM,7,active
210,PROFESSOR OF TEACHING - SOE,001669,ASSOC PROF OF TEACH-SFT-VM,7,active
210,PROFESSOR OF TEACHING - SOE,001672,PROF OF TEACH-AY-1/10-B/E/E,3,active
210,PROFESSOR OF TEACHING - SOE,001673,ASSOC PROF TEACH-AY-1/10-B/E/E,3,active
210,PROFESSOR OF TEACHING - SOE,001686,PROF OF TEACH-AY-B/E/E,3,active
210,PROFESSOR OF TEACHING - SOE,001687,ASSOC PROF OF TEACH-AY-B/E/E,3,active
210,PROFESSOR OF TEACHING - SOE,001689,PROF OF TEACH-FY-B/E/E,4,active
210,PROFESSOR OF TEACHING - SOE,001690,ASSOC PROF OF TEACH-FY-B/E/E,4,active
210,PROFESSOR OF TEACHING - SOE,001692,PROF OF TEACH-AY-1/9-B/E/E,3,active
210,PROFESSOR OF TEACHING - SOE,001693,PROF OF TEACH-AY-LAW,8,active
210,PROFESSOR OF TEACHING - SOE,001695,ASSOC PROF TEACH-AY-1/9-B/E/E,3,active
211,PROFESSOR OF TEACHING - PSOE,001670,ASST PROF OF TEACH-SFT-VM,7,active
211,PROFESSOR OF TEACHING - PSOE,001674,ASST PROF TEACH-AY-1/10-B/E/E,3,active
211,PROFESSOR OF TEACHING - PSOE,001678,ASST PROF OF TEACH-AY-1/10,1,active
211,PROFESSOR OF TEACHING - PSOE,001679,ASST PROF OF TEACH-HCOMP,5,active
211,PROFESSOR OF TEACHING - PSOE,001680,ASST PROF OF TEACH-AY,1,active
211,PROFESSOR OF TEACHING - PSOE,001681,ASST PROF OF TEACH-AY-1/9,1,active
211,PROFESSOR OF TEACHING - PSOE,001682,ASST PROF OF TEACH-FY,2,active
211,PROFESSOR OF TEACHING - PSOE,001688,ASST PROF OF TEACH-AY-B/E/E,3,active
211,PROFESSOR OF TEACHING - PSOE,001691,ASST PROF OF TEACH-FY-B/E/E,4,active
211,PROFESSOR OF TEACHING - PSOE,001696,ASST PROF TEACH-AY-1/9-B/E/E,3,active
214,ACTING PROF OF TEACHING - SOE,001580,ACT PROF OF TEACH-AY,1,active
214,ACTING PROF OF TEACHING - SOE,001581,ACT ASSOC PROF OF TEACH-AY,1,active
214,ACTING PROF OF TEACHING - SOE,001583,ACT PROF OF TEACH-FY,2,active
214,ACTING PROF OF TEACHING - SOE,001584,ACT ASSOC PROF OF TEACH-FY,2,active
214,ACTING PROF OF TEACHING - SOE,001586,ACT PROF OF TEACH-AY-B/E/E,3,active
214,ACTING PROF OF TEACHING - SOE,001587,ACT ASSOC PROF TEACH-AY-B/E/E,3,active
214,ACTING PROF OF TEACHING - SOE,001589,ACT PROF OF TEACH-FY-B/E/E,4,active
214,ACTING PROF OF TEACHING - SOE,001590,ACT ASSOC PROF TEACH-FY-B/E/E,4,active
214,ACTING PROF OF TEACHING - SOE,001592,ACT PROF OF TEACH-AY-LAW,8,active
214,ACTING PROF OF TEACHING - SOE,001594,ACT PROF OF TEACH-SFT-VM,7,active
214,ACTING PROF OF TEACHING - SOE,001595,ACT ASSOC PROF OF TEACH-SFT-VM,7,active
214,ACTING PROF OF TEACHING - SOE,001597,ACT PROF OF TEACH-HCOMP,5,active
214,ACTING PROF OF TEACHING - SOE,001598,ACT ASSOC PROF OF TEACH-HCOMP,5,active
214,ACTING PROF OF TEACHING - SOE,001657,ACT PROF OF TEACH-AY-1/9-LAW,8,active
214,ACTING PROF OF TEACHING - SOE,001659,ACT PROF OF TEACH-AY-1/10-LAW,8,active
216,PROFESSOR OF TEACHING-EMERITUS,001620,ASSOC PROF TEACH-EMERITUS(WOS),,active
216,PROFESSOR OF TEACHING-EMERITUS,001621,PROF OF TEACH-EMERITUS(WOS),,active
224,ACTING PROF OF TEACHING - PSOE,001582,ACT ASST PROF OF TEACH-AY,1,active
224,ACTING PROF OF TEACHING - PSOE,001585,ACT ASST PROF OF TEACH-FY,2,active
224,ACTING PROF OF TEACHING - PSOE,001588,ACT ASST PROF TEACH-AY-B/E/E,3,active
224,ACTING PROF OF TEACHING - PSOE,001591,ACT ASST PROF TEACH-FY-B/E/E,4,active
224,ACTING PROF OF TEACHING - PSOE,001596,ACT ASST PROF OF TEACH-SFT-VM,7,active
224,ACTING PROF OF TEACHING - PSOE,001599,ACT ASST PROF OF TEACH-HCOMP,5,active
225,LECTURER,001630,LECT-AY,15,active
225,LECTURER,001631,LECT-AY-CONTINUING,16,active
225,LECTURER,001632,LECT-AY-1/9,15,active
225,LECTURER,001633,LECT-AY-1/9-CONTINUING,16,active
225,LECTURER,001634,LECT-FY,15,active
225,LECTURER,001635,LECT-FY-CONTINUING,16,active
225,LECTURER,001636,LECT-AY-1/10,15,active
225,LECTURER,001637,LECT-AY-1/10-CONTINUING,16,active
225,LECTURER,001638,PRE-SIX YR APPT-TEMP SUPP-FY,15,active
225,LECTURER,001641,SR LECT-AY-CONTINUING,16,active
225,LECTURER,001643,SR LECT-AY-1/9-CONTINUING,16,active
225,LECTURER,001645,SR LECT-FY-CONTINUING,16,active
225,LECTURER,001647,SR LECT-AY-1/10-CONTINUING,16,active
225,LECTURER,001648,PRE-SIX YR APPT-TEMP SUPP-AY,15,active
225,LECTURER,001649,PRE-SIX YR APPT-TEMP SUPP-1/9,15,active
225,LECTURER,001651,PRE-SIX YR APPT-TEMP SUPP-1/10,15,active
225,LECTURER,001652,CONTINUING APPT-TEMP AUG-AY,16,active
225,LECTURER,001653,CONTINUING APPT-TEMP AUG-1/9,16,active
225,LECTURER,001654,CONTINUING APPT-TEMP-AUG-1/10,16,active
225,LECTURER,001655,CONTINUING APPT-TEMP AUG-FY,16,active
311,PROFESSOR IN RESIDENCE,001723,INSTR IN RES-HCOMP,5,active
311,PROFESSOR IN RESIDENCE,001724,ASST PROF IN RES-HCOMP,5,active
311,PROFESSOR IN RESIDENCE,001725,ASSOC PROF IN RES-HCOMP,5,active
311,PROFESSOR IN RESIDENCE,001726,PROF IN RES-HCOMP,5,active
311,PROFESSOR IN RESIDENCE,001904,ASST PROF IN RES-SFT-VM,7,active
311,PROFESSOR IN RESIDENCE,001905,ASSOC PROF IN RES-SFT-VM,7,active
311,PROFESSOR IN RESIDENCE,001906,PROF IN RES-SFT-VM,7,active
311,PROFESSOR IN RESIDENCE,003250,PROF IN RES-AY,1,active
311,PROFESSOR IN RESIDENCE,003251,PROF IN RES-FY,2,active
311,PROFESSOR IN RESIDENCE,003260,ASSOC PROF IN RES-AY,1,active
311,PROFESSOR IN RESIDENCE,003261,ASSOC PROF IN RES-FY,2,active
311,PROFESSOR IN RESIDENCE,003270,ASST PROF IN RES-AY,1,active
311,PROFESSOR IN RESIDENCE,003271,ASST PROF IN RES-FY,2,active
311,PROFESSOR IN RESIDENCE,003345,PROF IN RES-AY-1/10-B/E/E,3,active
311,PROFESSOR IN RESIDENCE,003346,ASSOC PROF IN RES-AY-1/10-B/E/E,3,active
311,PROFESSOR IN RESIDENCE,003347,ASST PROF IN RES-AY-1/10-B/E/E,3,active
311,PROFESSOR IN RESIDENCE,003351,ASST PROF IN RES-AY-1/9,1,active
311,PROFESSOR IN RESIDENCE,003352,ASSOC PROF IN RES-AY-1/9,1,active
311,PROFESSOR IN RESIDENCE,003353,PROF IN RES-AY-1/9,1,active
311,PROFESSOR IN RESIDENCE,003381,PROF IN RES-AY-B/E/E,3,active
311,PROFESSOR IN RESIDENCE,003382,PROF IN RES-FY-B/E/E,4,active
311,PROFESSOR IN RESIDENCE,003383,PROF IN RES-AY-1/9-B/E/E,3,active
311,PROFESSOR IN RESIDENCE,003384,ASSOC PROF IN RES-AY-B/E/E,3,active
311,PROFESSOR IN RESIDENCE,003385,ASSOC PROF IN RES-FY-B/E/E,4,active
311,PROFESSOR IN RESIDENCE,003386,ASSOC PROF IN RES-AY-1/9-B/E/E,3,active
311,PROFESSOR IN RESIDENCE,003387,ASST PROF IN RES-AY-B/E/E,3,active
311,PROFESSOR IN RESIDENCE,003388,ASST PROF IN RES-FY-B/E/E,4,active
311,PROFESSOR IN RESIDENCE,003389,ASST PROF IN RES-AY-1/9-B/E/E,3,active
316,________-SENATE-EMERITUS,003249,SENATE EMERITUS (WOS),,active
317,PROFESSOR OF CLINICAL __________,001450,PROF OF CLIN-FY,2,active
317,PROFESSOR OF CLINICAL __________,001451,ASSOC PROF OF CLIN-FY,2,active
317,PROFESSOR OF CLINICAL __________,001452,ASST PROF OF CLIN-FY,2,active
317,PROFESSOR OF CLINICAL __________,001453,PROF OF CLIN-HCOMP,5,active
317,PROFESSOR OF CLINICAL __________,001454,ASSOC PROF OF CLIN-HCOMP,5,active
317,PROFESSOR OF CLINICAL __________,001455,ASST PROF OF CLIN-HCOMP,5,active
317,PROFESSOR OF CLINICAL __________,001915,ASST PROF OF CLIN-SFT-VM,7,active
317,PROFESSOR OF CLINICAL __________,001916,ASSOC PROF OF CLIN-SFT-VM,7,active
317,PROFESSOR OF CLINICAL __________,001917,PROF OF CLIN-SFT-VM,7,active
323,VISITING PROFESSOR,001108,VIS PROF,1*,active
323,VISITING PROFESSOR,001208,VIS ASSOC PROF,1*,active
323,VISITING PROFESSOR,001308,VIS ASST PROF,1*,active
323,VISITING PROFESSOR,001712,VIS ASST PROF-HCOMP,5*,active
323,VISITING PROFESSOR,001713,VIS ASSOC PROF-HCOMP,5*,active
323,VISITING PROFESSOR,001714,VIS PROF-HCOMP,5*,active
335,ADJUNCT PROFESSOR,001727,ADJ INSTR-HCOMP,5,active
335,ADJUNCT PROFESSOR,001728,ASST ADJ PROF-HCOMP,5,active
335,ADJUNCT PROFESSOR,001729,ASSOC ADJ PROF-HCOMP,5,active
335,ADJUNCT PROFESSOR,001730,ADJ PROF-HCOMP,5,active
335,ADJUNCT PROFESSOR,001908,ASST ADJ PROF-SFT-VM,7,active
335,ADJUNCT PROFESSOR,001909,ASSOC ADJ PROF-SFT-VM,7,active
335,ADJUNCT PROFESSOR,001910,ADJ PROF-SFT-VM,7,active
335,ADJUNCT PROFESSOR,003258,ADJ PROF-AY,1,active
335,ADJUNCT PROFESSOR,003259,ADJ PROF-FY,2,active
335,ADJUNCT PROFESSOR,003268,ASSOC ADJ PROF-AY,1,active
335,ADJUNCT PROFESSOR,003269,ASSOC ADJ PROF-FY,2,active
335,ADJUNCT PROFESSOR,003278,ASST ADJ PROF-AY,1,active
335,ADJUNCT PROFESSOR,003279,ASST ADJ PROF-FY,2,active
335,ADJUNCT PROFESSOR,003288,ADJ INSTR-AY,1,active
335,ADJUNCT PROFESSOR,003289,ADJ INSTR-FY,2,active
335,ADJUNCT PROFESSOR,003361,ASST ADJ PROF-AY-1/9,1,active
335,ADJUNCT PROFESSOR,003362,ASSOC ADJ PROF-AY-1/9,1,active
335,ADJUNCT PROFESSOR,003363,ADJ PROF-AY-1/9,1,active
335,ADJUNCT PROFESSOR,003365,ASST ADJ PROF-AY-1/10,1,active
335,ADJUNCT PROFESSOR,003366,ASSOC ADJ PROF-AY-1/10,1,active
335,ADJUNCT PROFESSOR,003367,ADJ PROF-AY-1/10,1,active
335,ADJUNCT PROFESSOR,003368,ASST ADJ PROF-AY-1/10-BEE,3,active
335,ADJUNCT PROFESSOR,003369,ASSOC ADJ PROF-AY-1/10-BEE,3,active
335,ADJUNCT PROFESSOR,003371,ASST ADJ PROF-AY-B/E/E,3,active
335,ADJUNCT PROFESSOR,003372,ASST ADJ PROF-FY-B/E/E,4,active
335,ADJUNCT PROFESSOR,003373,ASST ADJ PROF-AY-1/9-B/E/E,3,active
335,ADJUNCT PROFESSOR,003374,ASSOC ADJ PROF-AY-B/E/E,3,active
335,ADJUNCT PROFESSOR,003375,ASSOC ADJ PROF-FY-B/E/E,4,active
335,ADJUNCT PROFESSOR,003376,ASSOC ADJ PROF-AY-1/9-B/E/E,3,active
335,ADJUNCT PROFESSOR,003377,ADJ PROF-AY-B/E/E,3,active
335,ADJUNCT PROFESSOR,003378,ADJ PROF-FY-B/E/E,4,active
335,ADJUNCT PROFESSOR,003379,ADJ PROF-AY-1/9-B/E/E,3,active
335,ADJUNCT PROFESSOR,003380,ADJ PROF-AY-1/10-BEE,3,active
341,HEALTH SCIENCES CLINICAL PROFESSOR,001731,HS CLIN INSTR-HCOMP,5,active
341,HEALTH SCIENCES CLINICAL PROFESSOR,001732,HS ASST CLIN PROF-HCOMP,5,active
341,HEALTH SCIENCES CLINICAL PROFESSOR,001733,HS ASSOC CLIN PROF-HCOMP,5,active
341,HEALTH SCIENCES CLINICAL PROFESSOR,001734,HS CLIN PROF-HCOMP,5,active
341,HEALTH SCIENCES CLINICAL PROFESSOR,001911,HS CLIN INSTR-SFT-VM,7,active
341,HEALTH SCIENCES CLINICAL PROFESSOR,001912,HS ASST CLIN PROF-SFT-VM,7,active
341,HEALTH SCIENCES CLINICAL PROFESSOR,001913,HS ASSOC CLIN PROF-SFT-VM,7,active
341,HEALTH SCIENCES CLINICAL PROFESSOR,001914,HS CLIN PROF-SFT-VM,7,active
341,HEALTH SCIENCES CLINICAL PROFESSOR,002000,HS CLIN PROF-AY,1,active
341,HEALTH SCIENCES CLINICAL PROFESSOR,002010,HS CLIN PROF-FY,2,active
341,HEALTH SCIENCES CLINICAL PROFESSOR,002020,HS ASSOC CLIN PROF-AY,1,active
341,HEALTH SCIENCES CLINICAL PROFESSOR,002030,HS ASSOC CLIN PROF-FY,2,active
341,HEALTH SCIENCES CLINICAL PROFESSOR,002040,HS ASST CLIN PROF-AY,1,active
341,HEALTH SCIENCES CLINICAL PROFESSOR,002050,HS ASST CLIN PROF-FY,2,active
341,HEALTH SCIENCES CLINICAL PROFESSOR,002060,HS CLIN INSTR-AY,1,active
341,HEALTH SCIENCES CLINICAL PROFESSOR,002070,HS CLIN INSTR-FY,2,active
346,CLINICAL PROFESSOR - VOLUNTEER,002017,CLIN PROF-VOL,,active
346,CLINICAL PROFESSOR - VOLUNTEER,002037,ASSOC CLIN PROF-VOL,,active
346,CLINICAL PROFESSOR - VOLUNTEER,002057,ASST CLIN PROF-VOL,,active
346,CLINICAL PROFESSOR - VOLUNTEER,002077,CLIN INSTR-VOL,,active
357,INSTRUCTIONAL ASSISTANT,001550,LECT IN SUMMER SESSION,,active
357,INSTRUCTIONAL ASSISTANT,002220,SUPV TEACHER ED-AY,32,active
357,INSTRUCTIONAL ASSISTANT,002221,SUPV TEACHER ED-AY-CONTINUING,32,active
357,INSTRUCTIONAL ASSISTANT,002222,SUPV TEACHER ED-FY,33,active
357,INSTRUCTIONAL ASSISTANT,002223,SUPV TEACHER ED-FY-CONTINUING,33,active
357,INSTRUCTIONAL ASSISTANT,002240,COORD FLD WK-AY,15,active
357,INSTRUCTIONAL ASSISTANT,002241,COORD FLD WK-AY-CONTINUING,16,active
357,INSTRUCTIONAL ASSISTANT,002245,COORD FLD WK-FY,15,active
357,INSTRUCTIONAL ASSISTANT,002246,COORD FLD WK-FY-CONTINUING,16,active
357,INSTRUCTIONAL ASSISTANT,002250,FLD WK SUPV-AY,15,active
357,INSTRUCTIONAL ASSISTANT,002251,FLD WK SUPV-AY-CONTINUING,16,active
357,INSTRUCTIONAL ASSISTANT,002255,FLD WK SUPV-FY,15,active
357,INSTRUCTIONAL ASSISTANT,002256,FLD WK SUPV-FY-CONTINUING,16,active
357,INSTRUCTIONAL ASSISTANT,002260,FLD WK CONSULT-AY,15,active
357,INSTRUCTIONAL ASSISTANT,002261,FLD WK CONSULT-AY-CONTINUING,16,active
357,INSTRUCTIONAL ASSISTANT,002265,FLD WK CONSULT-FY,15,active
357,INSTRUCTIONAL ASSISTANT,002266,FLD WK CONSULT-FY-CONTINUING,16,active
426,TEACHING ASSISTANT & EQUIVALENT,002310,TEACHG ASST-GSHIP,18,active
426,TEACHING ASSISTANT & EQUIVALENT,002311,TEACHG ASST-NON GSHIP,18,active
426,TEACHING ASSISTANT & EQUIVALENT,002312,TEACHG ASST-GSHIP/NON REP,18,active
426,TEACHING ASSISTANT & EQUIVALENT,002313,TEACHG ASST-NON GSHIP/NON REP,18,active
426,TEACHING ASSISTANT & EQUIVALENT,002320,TEACHG ASST-1/10-GSHIP,18,active
426,TEACHING ASSISTANT & EQUIVALENT,002321,TEACHG ASST-1/10-NON GSHIP,18,active
436,GRADUATE STUDENT RESEARCHER,003142,GSR-FELLOW-PAID DIR-NO REM,22,active
436,GRADUATE STUDENT RESEARCHER,003143,GSR-FELLOW-PAID DIR-TUIT REM,22,active
436,GRADUATE STUDENT RESEARCHER,003144,GSR-FELLOW-NO REM,22,active
436,GRADUATE STUDENT RESEARCHER,003145,GSR-FELLOW-TUIT REM,22,active
436,GRADUATE STUDENT RESEARCHER,003152,GSR-TRAINEE-PAID DIR-NO REM,22,active
436,GRADUATE STUDENT RESEARCHER,003153,GSR-TRAINEE-PAID DIR-TUIT REM,22,active
436,GRADUATE STUDENT RESEARCHER,003154,GSR-TRAINEE-NO REM,22,active
436,GRADUATE STUDENT RESEARCHER,003155,GSR-TRAINEE-TUIT REM,22,active
436,GRADUATE STUDENT RESEARCHER,003160,GSR TRAINEE/FELLOW SUPPLEMENT,22,active
436,GRADUATE STUDENT RESEARCHER,003262,GSR-TUIT & FEE REM-UCSD-GRP E,22,active
436,GRADUATE STUDENT RESEARCHER,003263,GSR-TUIT & FEE REM-UCSD-GRP F,22,active
436,GRADUATE STUDENT RESEARCHER,003264,GSR-TUIT & FEE REM-UCSD-GRP G,22,active
436,GRADUATE STUDENT RESEARCHER,003266,GSR-NO REM,22,active
436,GRADUATE STUDENT RESEARCHER,003276,GSR-PARTIAL FEE REM,22,active
436,GRADUATE STUDENT RESEARCHER,003282,GSR-FULL FEE REM,22,active
436,GRADUATE STUDENT RESEARCHER,003283,GSR-FULL TUIT&PARTIAL FEE REM,22,active
436,GRADUATE STUDENT RESEARCHER,003284,GSR-TUIT & FEE REM,22,active
436,GRADUATE STUDENT RESEARCHER,003285,GSR-TUIT & FEE REM-UCSD-GRP B,22,active
436,GRADUATE STUDENT RESEARCHER,003286,GSR-TUIT & FEE REM-UCSD-GRP C,22,active
436,GRADUATE STUDENT RESEARCHER,003287,GSR-TUIT & FEE REM-UCSD-GRP D,22,active
446,INTERN OR RESIDENT,002705,PHYSICAL THERAPY RESID/NON REP,,active
446,INTERN OR RESIDENT,002708,RESID PHYS I/NON REP,21,active
446,INTERN OR RESIDENT,002709,RESID PHYS I/REP,,active
446,INTERN OR RESIDENT,002714,INTERN-VET MED/NON REP,21,active
446,INTERN OR RESIDENT,002715,INTERN-CLINICAL PSYCHOLOGY,21,active
446,INTERN OR RESIDENT,002717,INTERN-CLINICAL PSYCHOLOGY NEX,21,active
446,INTERN OR RESIDENT,002723,RESID PHYS II-VIII/REP,,active
446,INTERN OR RESIDENT,002724,RESID PHYS II-VIII/NON REP,21,active
446,INTERN OR RESIDENT,002725,CHIEF RESID PHYS-NON REP,,active
446,INTERN OR RESIDENT,002726,RESID PHYS/SUBSPEC 4-8/NON REP,21,active
446,INTERN OR RESIDENT,002727,POST DDS I-VI/NON REP,21,active
446,INTERN OR RESIDENT,002730,RESID-VET MED/NON REP,21,active
446,INTERN OR RESIDENT,002732,OTH POST-MD TRAIN 2-8/NON REP,21,active
446,INTERN OR RESIDENT,002733,OTH POST-MD TRAIN 2-8/REP,,active
446,INTERN OR RESIDENT,002736,RESID PHYS/SUBSPEC 4-8/REP,,active
446,INTERN OR RESIDENT,002737,OTH POST DDS/NON REP,21,active
446,INTERN OR RESIDENT,002738,CHIEF RESID PHYS-REP,,active
446,INTERN OR RESIDENT,002739,NON-PHYS CLIN TRAIN NEX,21,active
446,INTERN OR RESIDENT,002740,NON-PHYS CLIN TRAIN,21,active
446,INTERN OR RESIDENT,002743,RESID PHYS I/REP-OV,,active
446,INTERN OR RESIDENT,002744,RESID PHYS II-VIII/REP-OV,,active
446,INTERN OR RESIDENT,002745,CHIEF RESID PHYS-REP-OV,,active
446,INTERN OR RESIDENT,002746,RESID PHYS/SUBSPEC 4-8/REP-OV,,active
446,INTERN OR RESIDENT,002747,OTH POST-MD TRAIN 2-8/REP-OV,,active
446,INTERN OR RESIDENT,002749,RESID PHYS/SUBSPEC/T32/NON REP,,active
446,INTERN OR RESIDENT,002750,RESID PHYS/SUBSPEC/T32/REP,,active
446,INTERN OR RESIDENT,002753,RESID PHYS MOONLTNG NON REP,,active
446,INTERN OR RESIDENT,002754,RESID PHYS MOONLTNG REP,,active
446,INTERN OR RESIDENT,002757,POST DDS I-VI/REP,,active
446,INTERN OR RESIDENT,002758,OTH POST DDS/REP,,active
446,INTERN OR RESIDENT,002760,RESID PHYS I/REP-FNO,,active
446,INTERN OR RESIDENT,002761,RESID PHYS II-VIII/REP-FNO,,active
446,INTERN OR RESIDENT,002762,CHIEF RESID PHYS-REP-FNO,,active
446,INTERN OR RESIDENT,002763,RESID PHYS/SUBSPEC 4-8/REP-FNO,,active
446,INTERN OR RESIDENT,002764,OTH POST-MD TRAIN 2-8/REP-FNO,,active
446,INTERN OR RESIDENT,002766,HEAL OTH POST-MD 4-6/REP,,active
446,INTERN OR RESIDENT,002770,RESID PHYS I/REP-CMTY,,active
446,INTERN OR RESIDENT,002771,RESID PHYS II-VIII/REP-CMTY,,active
446,INTERN OR RESIDENT,002772,CHIEF RESID PHYS-REP-CMTY,,active
446,INTERN OR RESIDENT,002773,RESID PHYS/SUBSPEC4-8/REP-CMTY,,active
446,INTERN OR RESIDENT,002774,OTH POST-MD TRAIN 2-8/REP-CMTY,,active
456,OTHER STUDENT TITLES,002382,K-12 ASST-NON GSHIP/NONREP,,active
456,OTHER STUDENT TITLES,002850,READER-GSHIP,18,active
456,OTHER STUDENT TITLES,002851,READER-NON GSHIP,18,active
456,OTHER STUDENT TITLES,002852,SPECIAL READER-UCLA-GSHIP,,active
456,OTHER STUDENT TITLES,002853,SPECIAL READER-UCLA-NON GSHIP,,active
456,OTHER STUDENT TITLES,002854,READER-GSHIP/NON REP,18,active
456,OTHER STUDENT TITLES,002855,READER-NON GSHIP/NON REP,18,active
456,OTHER STUDENT TITLES,002860,TUT-GSHIP,,active
456,OTHER STUDENT TITLES,002861,TUT-NON GSHIP,,active
456,OTHER STUDENT TITLES,002862,TUT-GSHIP/NON REP,,active
456,OTHER STUDENT TITLES,002863,TUT-NON GSHIP/NON REP,,active
467,ASSOCIATE-STUDENT,001501,ASSOC IN ____-AY-GSHIP,19,active
467,ASSOCIATE-STUDENT,001502,ASSOC IN __-AY-NON-GSHIP,19,active
467,ASSOCIATE-STUDENT,001506,ASSOC IN __ -AY-1/9-GSHIP,19,active
467,ASSOCIATE-STUDENT,001507,ASSOC IN__-AY- 1/9 -NON-GSHIP,19,active
467,ASSOCIATE-STUDENT,001508,ASSOC IN __ -AY-1/10-GSHIP,19,active
467,ASSOCIATE-STUDENT,001509,ASSOC IN__-AY- 1/10 -NON-GSHIP,19,active
467,ASSOCIATE-STUDENT,001511,ASSOC IN __- FY-GSHIP,19,active
467,ASSOCIATE-STUDENT,001512,ASSOC IN __-FY-NON-GSHIP,19,active
520,ASTRONOMER-TENURE,003100,ASTRONOMER,2,active
520,ASTRONOMER-TENURE,003110,ASSOC ASTRONOMER,2,active
530,AGRONOMIST-TENURE,003000,AGRON AES,2,active
530,AGRONOMIST-TENURE,003001,AGRON AES-SFT-VM,7,active
530,AGRONOMIST-TENURE,003010,ASSOC AGRON AES,2,active
530,AGRONOMIST-TENURE,003011,ASSOC AGRON AES-SFT-VM,7,active
530,AGRONOMIST-TENURE,003012,AGRON AES-B/E/E,4,active
530,AGRONOMIST-TENURE,003013,ASSOC AGRON AES-B/E/E,4,active
530,AGRONOMIST-TENURE,003060,AGRON AES-AY,1,active
530,AGRONOMIST-TENURE,003062,AGRON AES-B/E/E-AY,3,active
530,AGRONOMIST-TENURE,003070,ASSOC AGRON AES-AY,1,active
530,AGRONOMIST-TENURE,003072,ASSOC AGRON AES-AY-B/E/E,3,active
531,AGRONOMIST-NON-TENURE,003015,ASST AGRON AES-B/E/E,4,active
531,AGRONOMIST-NON-TENURE,003020,ASST AGRON AES,2,active
531,AGRONOMIST-NON-TENURE,003021,ASST AGRON AES-SFT-VM,7,active
531,AGRONOMIST-NON-TENURE,003080,ASST AGRON AES-AY,1,active
531,AGRONOMIST-NON-TENURE,003082,ASST AGRON AES-AY-B/E/E,3,active
534,AGRONOMIST-ACTING,003007,ACT AGRON AES,2,active
534,AGRONOMIST-ACTING,003009,ACT AGRON AES-SFT-VM,7,active
534,AGRONOMIST-ACTING,003017,ACT ASSOC AGRON AES,2,active
534,AGRONOMIST-ACTING,003019,ACT ASSOC AGRON AES-SFT-VM,7,active
534,AGRONOMIST-ACTING,003027,ACT ASST AGRON AES,2,active
534,AGRONOMIST-ACTING,003029,ACT ASST AGRON AES-SFT-VM,7,active
534,AGRONOMIST-ACTING,003044,ACT AGRON AES-B/E/E,4,active
534,AGRONOMIST-ACTING,003045,ACT ASSOC AGRON AES-B/E/E,4,active
534,AGRONOMIST-ACTING,003046,ACT ASST AGRON AES-B/E/E,4,active
534,AGRONOMIST-ACTING,003064,ACT AGRON AES-AY,1,active
534,AGRONOMIST-ACTING,003066,ACT AGRON AES-B/E/E-AY,3,active
534,AGRONOMIST-ACTING,003074,ACT ASSOC AGRON AES-AY,1,active
534,AGRONOMIST-ACTING,003076,ACT ASSOC AGRON AES-B/E/E-AY,3,active
534,AGRONOMIST-ACTING,003084,ACT ASST AGRON AES-AY,1,active
534,AGRONOMIST-ACTING,003086,ACT ASST AGRON AES-B/E/E/-AY,3,active
541,PROFESSIONAL RESEARCH-REGULAR,001935,RES SCRIPPS-AY,,active
541,PROFESSIONAL RESEARCH-REGULAR,001936,ASSOC RES SCRIPPS-AY,,active
541,PROFESSIONAL RESEARCH-REGULAR,001937,ASST RES SCRIPPS-AY,,active
541,PROFESSIONAL RESEARCH-REGULAR,001981,RES-LR SCL-AY-B/E/E,3,active
541,PROFESSIONAL RESEARCH-REGULAR,001982,RES-LR SCL-AY-1/9-B/E/E,3,active
541,PROFESSIONAL RESEARCH-REGULAR,001983,ASSOC RES-LR SCL-AY-B/E/E,3,active
541,PROFESSIONAL RESEARCH-REGULAR,001984,ASSOC RES-LR SCL-AY-1/9-B/E/E,3,active
541,PROFESSIONAL RESEARCH-REGULAR,001985,ASST RES-LR SCL-AY-B/E/E,3,active
541,PROFESSIONAL RESEARCH-REGULAR,001986,ASST RES-LR SCL-AY-1/9-B/E/E,3,active
541,PROFESSIONAL RESEARCH-REGULAR,001987,RES-FY-B/E/E 14B,,active
541,PROFESSIONAL RESEARCH-REGULAR,001988,ASSOC RES-FY-B/E/E 14B,,active
541,PROFESSIONAL RESEARCH-REGULAR,001989,ASST RES-FY-B/E/E 14B,,active
541,PROFESSIONAL RESEARCH-REGULAR,001990,RES-LR SCL-FY-B/E/E,4,active
541,PROFESSIONAL RESEARCH-REGULAR,001991,ASSOC RES-LR SCL-FY-B/E/E,4,active
541,PROFESSIONAL RESEARCH-REGULAR,001992,ASST RES-LR SCL-FY-B/E/E,4,active
541,PROFESSIONAL RESEARCH-REGULAR,001993,RES-FY-B/E/E-NON REP 14A,,active
541,PROFESSIONAL RESEARCH-REGULAR,001994,ASSOC RES-FY-B/E/E-NON REP 14A,,active
541,PROFESSIONAL RESEARCH-REGULAR,001995,ASST RES-FY-B/E/E-NON REP 14A,,active
541,PROFESSIONAL RESEARCH-REGULAR,001997,RES-FY-B/E/E NEX 14B(N),,active
541,PROFESSIONAL RESEARCH-REGULAR,001998,ASSOC RES-FY-B/E/E NEX 14B(N),,active
541,PROFESSIONAL RESEARCH-REGULAR,001999,ASST RES-FY-B/E/E NEX 14B(N),,active
541,PROFESSIONAL RESEARCH-REGULAR,002007,RES-FY-B/E/E NEX NON REP 14A(N),,active
541,PROFESSIONAL RESEARCH-REGULAR,002008,ASSOC RES-FY-B/E/E NEX NON REP 14A(N),,active
541,PROFESSIONAL RESEARCH-REGULAR,002009,ASST RES-FY-B/E/E NEX NON REP 14A(N),,active
541,PROFESSIONAL RESEARCH-REGULAR,003170,RES-FY NEX 13B(N),,active
541,PROFESSIONAL RESEARCH-REGULAR,003171,RES-FY NEX NON REP 13A(N),,active
541,PROFESSIONAL RESEARCH-REGULAR,003176,RES-SFT NEX,,active
541,PROFESSIONAL RESEARCH-REGULAR,003180,ASSOC RES-FY NEX 13B(N),,active
541,PROFESSIONAL RESEARCH-REGULAR,003181,ASSOC RES-FY NEX NON REP 13A(N),,active
541,PROFESSIONAL RESEARCH-REGULAR,003186,ASSOC RES-SFT NEX,,active
541,PROFESSIONAL RESEARCH-REGULAR,003190,ASST RES-FY NEX 13B(N),,active
541,PROFESSIONAL RESEARCH-REGULAR,003191,ASST RES-FY NEX NON REP 13A(N),,active
541,PROFESSIONAL RESEARCH-REGULAR,003196,ASST RES-SFT NEX,,active
541,PROFESSIONAL RESEARCH-REGULAR,003200,RES-FY 13B,,active
541,PROFESSIONAL RESEARCH-REGULAR,003201,RES-LR SCL-FY,2,active
541,PROFESSIONAL RESEARCH-REGULAR,003202,RES (WOS),,active
541,PROFESSIONAL RESEARCH-REGULAR,003203,RES-LR SCL-AY,1,active
541,PROFESSIONAL RESEARCH-REGULAR,003205,RES-LR SCL-AY-1/9,1,active
541,PROFESSIONAL RESEARCH-REGULAR,003206,RES-SFT,,active
541,PROFESSIONAL RESEARCH-REGULAR,003207,RES-FY-NON REP 13A,,active
541,PROFESSIONAL RESEARCH-REGULAR,003210,ASSOC RES-FY 13B,,active
541,PROFESSIONAL RESEARCH-REGULAR,003211,ASSOC RES-LR SCL-FY,2,active
541,PROFESSIONAL RESEARCH-REGULAR,003212,ASSOC RES (WOS),,active
541,PROFESSIONAL RESEARCH-REGULAR,003213,ASSOC RES-LR SCL-AY,1,active
541,PROFESSIONAL RESEARCH-REGULAR,003215,ASSOC RES-LR SCL-AY-1/9,1,active
541,PROFESSIONAL RESEARCH-REGULAR,003216,ASSOC RES-SFT,,active
541,PROFESSIONAL RESEARCH-REGULAR,003217,ASSOC RES-FY-NON REP 13A,,active
541,PROFESSIONAL RESEARCH-REGULAR,003220,ASST RES-FY 13B,,active
541,PROFESSIONAL RESEARCH-REGULAR,003221,ASST RES-LR SCL-FY,2,active
541,PROFESSIONAL RESEARCH-REGULAR,003222,ASST RES (WOS),,active
541,PROFESSIONAL RESEARCH-REGULAR,003223,ASST RES-LR SCL-AY,1,active
541,PROFESSIONAL RESEARCH-REGULAR,003225,ASST RES-LR SCL-AY-1/9,1,active
541,PROFESSIONAL RESEARCH-REGULAR,003226,ASST RES-SFT,,active
541,PROFESSIONAL RESEARCH-REGULAR,003227,ASST RES-FY-NON REP 13A,,active
543,PROFESSIONAL RESEARCH-VISITING,003178,VIS RES NEX 13A(N)*,,active
543,PROFESSIONAL RESEARCH-VISITING,003188,VIS ASSOC RES NEX 13A(N)*,,active
543,PROFESSIONAL RESEARCH-VISITING,003198,VIS ASST RES NEX 13A(N)*,,active
543,PROFESSIONAL RESEARCH-VISITING,003208,VIS RES 13A*,,active
543,PROFESSIONAL RESEARCH-VISITING,003218,VIS ASSOC RES 13A*,,active
543,PROFESSIONAL RESEARCH-VISITING,003228,VIS ASST RES 13A*,,active
551,SPECIALIST,003300,SPECIALIST 24B,,active
551,SPECIALIST,003301,SPECIALIST NEX 24B(N),,active
551,SPECIALIST,003302,SPECIALIST (WOS),,active
551,SPECIALIST,003303,SPECIALIST NON REP 24A,,active
551,SPECIALIST,003304,SPECIALIST NEX NON REP 24A(N),,active
551,SPECIALIST,003310,ASSOC SPECIALIST 24B,,active
551,SPECIALIST,003311,ASSOC SPECIALIST NEX 24B(N),,active
551,SPECIALIST,003312,ASSOC SPECIALIST (WOS),,active
551,SPECIALIST,003313,ASSOC SPECIALIST NON REP 24A,,active
551,SPECIALIST,003314,ASSOC SPECIALIST NEX NON REP 24A(N),,active
551,SPECIALIST,003320,ASST SPECIALIST 24B,,active
551,SPECIALIST,003321,ASST SPECIALIST NEX 24B(N),,active
551,SPECIALIST,003322,ASST SPECIALIST (WOS),,active
551,SPECIALIST,003323,ASST SPECIALIST NON REP 24A,,active
551,SPECIALIST,003324,ASST SPECIALIST NEX NON REP 24A(N),,active
551,SPECIALIST,003328,JR SPECIALIST (WOS),,active
551,SPECIALIST,003329,JR SPECIALIST NEX 24B(N),,active
551,SPECIALIST,003330,JR SPECIALIST 24B,,active
551,SPECIALIST,003333,JR SPECIALIST NON REP 24A,,active
551,SPECIALIST,003334,JR SPECIALIST NEX NON REP 24A(N),,active
553,SPECIALIST-VISITING,003305,VIS SPECIALIST 24A*,,active
553,SPECIALIST-VISITING,003306,VIS SPECIALIST NEX 24A(N)*,,active
553,SPECIALIST-VISITING,003315,VIS ASSOC SPECIALIST 24A*,,active
553,SPECIALIST-VISITING,003316,VIS ASSOC SPECIALIST NEX 24A(N)*,,active
553,SPECIALIST-VISITING,003325,VIS ASST SPECIALIST 24A*,,active
553,SPECIALIST-VISITING,003326,VIS ASST SPECIALIST NEX 24A(N)*,,active
553,SPECIALIST-VISITING,003335,VIS JR SPECIALIST 24A*,,active
553,SPECIALIST-VISITING,003336,VIS JR SPECIALIST NEX 24A(N)*,,active
557,SPECIALIST IN A.E.S.,003004,SPECIALIST AES 24A,,active
557,SPECIALIST IN A.E.S.,003014,ASSOC SPECIALIST AES 24A,,active
557,SPECIALIST IN A.E.S.,003024,ASST SPECIALIST AES 24A,,active
557,SPECIALIST IN A.E.S.,003104,SPECIALIST AES NEX 24A(N),,active
557,SPECIALIST IN A.E.S.,003114,ASSOC SPECIALIST AES NEX 24A(N),,active
557,SPECIALIST IN A.E.S.,003124,ASST SPECIALIST AES NEX 24A(N),,active
566,OTHER RESEARCH,003290,RES PROF-MILLER INST-AY,1,active
566,OTHER RESEARCH,003291,RES PROF-MILLER INST-FY,2,active
566,OTHER RESEARCH,003292,ASSOC RES PROF-MILLER INST-AY,1,active
566,OTHER RESEARCH,003293,ASSOC RES PROF-MILLER INST-FY,2,active
566,OTHER RESEARCH,003297,CHI GREEN SCHOLAR-UCSD,,active
575,POSTDOCTORAL SCHOLAR,003235,MATH FELLOW,23,active
575,POSTDOCTORAL SCHOLAR,003252,POSTDOC-EMPLOYEE,23,active
575,POSTDOCTORAL SCHOLAR,003253,POSTDOC-FELLOW,23,active
575,POSTDOCTORAL SCHOLAR,003254,POSTDOC-PAID DIRECT,23,active
575,POSTDOCTORAL SCHOLAR,003255,POSTDOC-EMPLOYEE NEX,23N,active
575,POSTDOCTORAL SCHOLAR,003256,INTRM POSTDOC SCHOLAR-EMPLOYEE,23,active
577,POST-GRADUATE RESEARCH-NON-STUDENT,003237,FACULTY FELLOW RES-AY,,active
577,POST-GRADUATE RESEARCH-NON-STUDENT,003238,FACULTY FELLOW RES-AY-1/9,,active
581,PROJECT SERIES,003390,PROJ SCIENTIST-FY 37B,,active
581,PROJECT SERIES,003391,PROJ SCIENTIST-FY-B/E/E 38B,,active
581,PROJECT SERIES,003392,ASSOC PROJ SCIENTIST-FY 37B,,active
581,PROJECT SERIES,003393,ASSOC PROJ SCIENTIST-FY-B/E/E 38B,,active
581,PROJECT SERIES,003394,ASST PROJ SCIENTIST-FY 37B,,active
581,PROJECT SERIES,003395,ASST PROJ SCIENTIST-FY-B/E/E 38B,,active
581,PROJECT SERIES,003403,PROJ SCIENTIST-FY NON REP 37A,,active
581,PROJECT SERIES,003404,PROJ SCIENTIST-FY-B/E/E NONREP 38A,,active
581,PROJECT SERIES,003405,ASSOC PROJ SCI-FY NON REP 37A,,active
581,PROJECT SERIES,003406,ASSOC PROJ SCI-FY-B/E/E NONREP 38A,,active
581,PROJECT SERIES,003407,ASST PROJ SCIENTIST-FY NON REP 37A,,active
581,PROJECT SERIES,003408,ASST PROJ SCI-FY-B/E/E NON REP 38A,,active
581,PROJECT SERIES,003413,PROJ SCI-FY NEX NON REP 37A(N),,active
581,PROJECT SERIES,003414,PROJ SCI-FY-B/E/E NEX NON REP 38A(N),,active
581,PROJECT SERIES,003415,ASSOC PROJ SCI-FY NEX NON REP 37A(N),,active
581,PROJECT SERIES,003416,ASSOC PROJSC-FY-BEE NEX NONREP 38A(N),,active
581,PROJECT SERIES,003417,ASST PROJ SCI-FY NEX NON REP 37A(N),,active
581,PROJECT SERIES,003418,ASST PROJSCI-FY-BEE NEX NONREP 38A(N),,active
581,PROJECT SERIES,003487,PROJ SCIENTIST (WOS),,active
581,PROJECT SERIES,003488,ASSOC PROJ SCIENTIST (WOS),,active
581,PROJECT SERIES,003489,ASST PROJ SCIENTIST (WOS),,active
581,PROJECT SERIES,003490,PROJ SCIENTIST-FY NEX 37B(N),,active
581,PROJECT SERIES,003491,PROJ SCIENTIST-FY-B/E/E NEX 38B(N),,active
581,PROJECT SERIES,003492,ASSOC PROJ SCIENTIST-FY NEX 37B(N),,active
581,PROJECT SERIES,003493,ASSOC PROJ SCNTST-FY-B/E/E NEX 38B(N),,active
581,PROJECT SERIES,003494,ASST PROJ SCIENTIST-FY NEX 37B(N),,active
581,PROJECT SERIES,003495,ASST PROJ SCNTST-FY-B/E/E NEX 38B(N),,active
583,PROJECT SERIES-VISITING,003396,VIS PROJ SCIENTIST 37A*,,active
583,PROJECT SERIES-VISITING,003397,VIS ASSOC PROJ SCIENTIST 37A*,,active
583,PROJECT SERIES-VISITING,003398,VIS ASST PROJ SCIENTIST 37A*,,active
583,PROJECT SERIES-VISITING,003496,VIS PROJ SCIENTIST NEX 37A(N)*,,active
583,PROJECT SERIES-VISITING,003497,VIS ASSOC PROJ SCIENTIST NEX 37A(N)*,,active
583,PROJECT SERIES-VISITING,003498,VIS ASST PROJ SCIENTIST NEX 37A(N)*,,active
621,LIBRARIAN,003602,LIBRARIAN-CAREER NON REP 26A,,active
621,LIBRARIAN,003603,LIBRARIAN-POTNTLCAREER NON REP 26A,,active
621,LIBRARIAN,003604,ASSOC LIBRARIAN-CAREER NON REP 26A,,active
621,LIBRARIAN,003605,ASSOC LIBRARIAN-POTLCAR NONREP 26A,,active
621,LIBRARIAN,003606,ASST LIBRARIAN-CAREER NON REP 26A,,active
621,LIBRARIAN,003607,ASST LIBRARIAN-POTLCAR NONREP 26A,,active
621,LIBRARIAN,003612,LIBRARIAN-CAREER STATUS 26B,,active
621,LIBRARIAN,003613,LIBRARIAN-POTNTL CAREER STATUS 26B,,active
621,LIBRARIAN,003614,LIBRARIAN-TEMP STATUS 26B,,active
621,LIBRARIAN,003616,ASSOC LIBRARIAN -CAREER STATUS 26B,,active
621,LIBRARIAN,003617,ASSOC LIBRARIAN-POTNTL CAREER 26B,,active
621,LIBRARIAN,003618,ASSOC LIBRARIAN-TEMP STATUS 26B,,active
621,LIBRARIAN,003620,ASST LIBRARIAN-CAREER STATUS 26B,,active
621,LIBRARIAN,003621,ASST LIBRARIAN-POTNTL CAREER 26B,,active
621,LIBRARIAN,003622,ASST LIBRARIAN-TEMP STATUS 26B,,active
621,LIBRARIAN,003662,LIBRARIAN-CAREER STATUS NEX 26A/B(N),,active
621,LIBRARIAN,003663,LIBRARIAN-POTNTL CAREER NEX 26A/B(N),,active
621,LIBRARIAN,003664,LIBRARIAN-TEMP STATUS NEX 26A/B(N),,active
621,LIBRARIAN,003666,ASSOC LIBRARIAN-CAREER NEX 26A/B(N),,active
621,LIBRARIAN,003667,ASSOC LIBRARIAN-POTNTL CAR NEX 26A/B(N),,active
621,LIBRARIAN,003668,ASSOC LIBRARIAN-TEMP NEX 26A/B(N),,active
621,LIBRARIAN,003670,ASST LIBRARIAN-CAREER NEX 26A/B(N),,active
621,LIBRARIAN,003671,ASST LIBRARIAN-POTNTL CAR NEX 26A/B(N),,active
621,LIBRARIAN,003672,ASST LIBRARIAN-TEMP STATUS NEX 26A/B(N),,active
623,VISITING LIBRARIAN,003615,VIS LIBRARIAN 26A*,,active
623,VISITING LIBRARIAN,003665,VIS LIBRARIAN NEX 26A(N)*,,active
627,ASSOC & ASST UNIVERSITY LIBRARIAN,003600,ASSOC UNIV LIBRARIAN,27,active
627,ASSOC & ASST UNIVERSITY LIBRARIAN,003601,ASSOC UNIV LIBRARIAN NEX,27N,active
627,ASSOC & ASST UNIVERSITY LIBRARIAN,003610,ASST UNIV LIBRARIAN,27,active
627,ASSOC & ASST UNIVERSITY LIBRARIAN,003611,ASST UNIV LIBRARIAN NEX,27N,active
627,ASSOC & ASST UNIVERSITY LIBRARIAN,003635,LAW LIBRARIAN,,active
627,ASSOC & ASST UNIVERSITY LIBRARIAN,003636,LAW LIBRARIAN NEX,,active
627,ASSOC & ASST UNIVERSITY LIBRARIAN,003637,ASST LAW LIBRARIAN,,active
627,ASSOC & ASST UNIVERSITY LIBRARIAN,003638,ASST LAW LIBRARIAN NEX,,active
627,ASSOC & ASST UNIVERSITY LIBRARIAN,003639,ASSOC LAW LIBRARIAN,,active
627,ASSOC & ASST UNIVERSITY LIBRARIAN,003640,ASSOC LAW LIBRARIAN NEX,,active
728,COOPERATIVE EXTENSION ADVISOR,003441,COOP EXT ADVISOR,28,active
728,COOPERATIVE EXTENSION ADVISOR,003442,COOP EXT ADVISOR NEX,28N,active
728,COOPERATIVE EXTENSION ADVISOR,003451,ASSOC COOP EXT ADVISOR,28,active
728,COOPERATIVE EXTENSION ADVISOR,003452,ASSOC COOP EXT ADVISOR NEX,28N,active
728,COOPERATIVE EXTENSION ADVISOR,003461,ASST COOP EXT ADVISOR,28,active
728,COOPERATIVE EXTENSION ADVISOR,003462,ASST COOP EXT ADVISOR NEX,28N,active
729,SPECIALIST IN COOPERATIVE EXTENSION,003475,ASST SPECIALIST COOP EXT,29,active
729,SPECIALIST IN COOPERATIVE EXTENSION,003476,ASST SPECIALIST COOP EXT NEX,29N,active
729,SPECIALIST IN COOPERATIVE EXTENSION,003477,ASSOC SPECIALIST COOP EXT,29,active
729,SPECIALIST IN COOPERATIVE EXTENSION,003478,ASSOC SPECIALIST COOP EXT NEX,29N,active
729,SPECIALIST IN COOPERATIVE EXTENSION,003479,SPECIALIST COOP EXT,29,active
729,SPECIALIST IN COOPERATIVE EXTENSION,003480,SPECIALIST COOP EXT NEX,29N,active
825,CONTINUING EDUCATOR -UNEX,003520,CONTINUING EDUCATOR I,31,active
825,CONTINUING EDUCATOR -UNEX,003521,CONTINUING EDUCATOR II,31,active
825,CONTINUING EDUCATOR -UNEX,003522,CONTINUING EDUCATOR III,31,active
825,CONTINUING EDUCATOR -UNEX,003530,CONTINUING EDUCATOR I NEX,31N,active
825,CONTINUING EDUCATOR -UNEX,003531,CONTINUING EDUCATOR II NEX,31N,active
825,CONTINUING EDUCATOR -UNEX,003532,CONTINUING EDUCATOR III NEX,31N,active
828,UNIVERSITY EXTENSION-OTHER,003539,PROGRAM COORDINATOR NEX,,active
828,UNIVERSITY EXTENSION-OTHER,003540,PROG COORD,,active
828,UNIVERSITY EXTENSION-OTHER,003570,TEACHER-UNEX-CONTRACT YR,,active
828,UNIVERSITY EXTENSION-OTHER,003572,ASST TEACHER-UNEX,,active
828,UNIVERSITY EXTENSION-OTHER,003574,TEACHER-UNEX,,active
828,UNIVERSITY EXTENSION-OTHER,003575,SPEAKER-UNEX,,active
828,UNIVERSITY EXTENSION-OTHER,003580,COURSE AUTHOR-UNEX,,active
828,UNIVERSITY EXTENSION-OTHER,003581,COURSE AUTHOR-UNEX NEX,,active
927,MISCELLANEOUS TITLES-SERIES,001070,DIRECTOR-EAP STUDY CENTER,,active
927,MISCELLANEOUS TITLES-SERIES,003230,FLD PROG SUPV,,active
927,MISCELLANEOUS TITLES-SERIES,003234,ASSOC FLD PROG SUPV,,active
927,MISCELLANEOUS TITLES-SERIES,003557,COORD PUB PROG NON REP 30A,,active
927,MISCELLANEOUS TITLES-SERIES,003558,COORD PUBLIC PROG 30B,,active
927,MISCELLANEOUS TITLES-SERIES,003559,ASSOC COORD PUB PROG NON REP 30A,,active
927,MISCELLANEOUS TITLES-SERIES,003560,ASSOC COORD PUBLIC PROG 30B,,active
927,MISCELLANEOUS TITLES-SERIES,003561,ASST COORD PUB PROG NON REP 30A,,active
927,MISCELLANEOUS TITLES-SERIES,003562,ASST COORD PUBLIC PROG 30B,,active
927,MISCELLANEOUS TITLES-SERIES,003650,CURATOR,1,active
927,MISCELLANEOUS TITLES-SERIES,003651,ASSOC CURATOR,1,active
927,MISCELLANEOUS TITLES-SERIES,003652,ASST CURATOR,1,active
927,MISCELLANEOUS TITLES-SERIES,003563,COORD PUBLIC PROG NEX 30B(N),,active
927,MISCELLANEOUS TITLES-SERIES,003564,ASSOC COORD PUBLIC PROG NEX 30B(N),,active
927,MISCELLANEOUS TITLES-SERIES,003565,ASST COORD PUBLIC PROG NEX 30B(N),,active
927,MISCELLANEOUS TITLES-SERIES,003566,COORD PUB PROG NEX NON REP 30A(N),,active
927,MISCELLANEOUS TITLES-SERIES,003567,ASSOC COORD PUBPROG NEX NONREP 30A(N),,active
927,MISCELLANEOUS TITLES-SERIES,003568,ASST COORD PUB PROG NEX NONREP 30A(N),,active
927,MISCELLANEOUS TITLES-SERIES,003700,FACULTY CONSULTANT,,active
928,MISCELLANEOUS TITLES-SINGLE TITLES,000800,ACADEMIC ASST TO VICE CHANC,,active
928,MISCELLANEOUS TITLES-SINGLE TITLES,000801,ACADEMIC ASST TO CHANC,,active
928,MISCELLANEOUS TITLES-SINGLE TITLES,000802,ASST VICE CHANC,,active
928,MISCELLANEOUS TITLES-SINGLE TITLES,000803,ASSOC VICE CHANC,,active
928,MISCELLANEOUS TITLES-SINGLE TITLES,000804,ACT/INTERIM ASSOC VICE CHANC,,active
928,MISCELLANEOUS TITLES-SINGLE TITLES,000810,GRADUATE ADVISOR,,active
928,MISCELLANEOUS TITLES-SINGLE TITLES,000812,FACULTY ADVISOR,,active
928,MISCELLANEOUS TITLES-SINGLE TITLES,000880,OMBUDSMAN-ACAD,,active
928,MISCELLANEOUS TITLES-SINGLE TITLES,001044,FACULTY ASST TO CHANC,,active
928,MISCELLANEOUS TITLES-SINGLE TITLES,001045,FACULTY ASST TO VICE CHANC,,active
928,MISCELLANEOUS TITLES-SINGLE TITLES,001055,FACULTY ASST TO PROVOST/DEAN,,active
928,MISCELLANEOUS TITLES-SINGLE TITLES,001059,CHAIR-SEN ASMBLY&ACADEMIC CNCL,,active
928,MISCELLANEOUS TITLES-SINGLE TITLES,001650,LECT-MISCELLANEOUS/PART TIME,,active
928,MISCELLANEOUS TITLES-SINGLE TITLES,001675,EDUCATOR (WOS),,active
928,MISCELLANEOUS TITLES-SINGLE TITLES,001958,REGENTS' PROF,,active
928,MISCELLANEOUS TITLES-SINGLE TITLES,001968,REGENTS' LECT,,active
928,MISCELLANEOUS TITLES-SINGLE TITLES,001969,HHMI INVESTIGATOR,,active
928,MISCELLANEOUS TITLES-SINGLE TITLES,001970,LUDWIG INVESTIGATOR,,active
928,MISCELLANEOUS TITLES-SINGLE TITLES,002210,DEMO TEACHER,,active
928,MISCELLANEOUS TITLES-SINGLE TITLES,002211,DEMO TEACHER-CONTINUING,,active
928,MISCELLANEOUS TITLES-SINGLE TITLES,002284,CHILD DEV DEMO LECT-CONTINUING,16,active
928,MISCELLANEOUS TITLES-SINGLE TITLES,002285,CHILD DEV DEMO LECT,15,active
928,MISCELLANEOUS TITLES-SINGLE TITLES,002427,SUBSTITUTE TEACHER,,active
928,MISCELLANEOUS TITLES-SINGLE TITLES,002428,SUBSTITUTE TEACHER-CONTINUING,,active
928,MISCELLANEOUS TITLES-SINGLE TITLES,002430,GEFFEN K-12 INSTRUCTOR-AY,,active
928,MISCELLANEOUS TITLES-SINGLE TITLES,002431,GEFFEN K-12 INSTRUCTOR-AY-CONT,,active
928,MISCELLANEOUS TITLES-SINGLE TITLES,002432,GEFFEN K-12 INSTRUCTOR-AY-1/10,,active
928,MISCELLANEOUS TITLES-SINGLE TITLES,002433,GEFFEN K-12 INSTR-AY-1/10-CONT,,active
928,MISCELLANEOUS TITLES-SINGLE TITLES,002434,GEFFEN K-12 INSTR SUMMER PROG,,active
928,MISCELLANEOUS TITLES-SINGLE TITLES,002440,K-12 INSTRUCTOR-AY,,active
928,MISCELLANEOUS TITLES-SINGLE TITLES,002441,K-12 INSTRUCTOR-AY-1/10,,active
928,MISCELLANEOUS TITLES-SINGLE TITLES,002442,K-12 DAILY SUBSTITUTE/NONREP,,active
928,MISCELLANEOUS TITLES-SINGLE TITLES,002447,PREUSS K-12 COUNSELOR-AY,,active
928,MISCELLANEOUS TITLES-SINGLE TITLES,002448,PREUSS K-12 COUNSELOR-AY-1/10,,active
928,MISCELLANEOUS TITLES-SINGLE TITLES,002460,TEACHER-SPEC PROG,,active
928,MISCELLANEOUS TITLES-SINGLE TITLES,002461,TEACHER-SPEC PROG-CONTINUING,,active
928,MISCELLANEOUS TITLES-SINGLE TITLES,002500,READER-NON STDNT,18,active
928,MISCELLANEOUS TITLES-SINGLE TITLES,002510,TUT-NON STDNT,,active
928,MISCELLANEOUS TITLES-SINGLE TITLES,002520,READER-NON STDNT/NON REP,18,active
928,MISCELLANEOUS TITLES-SINGLE TITLES,002521,TUT-NON STDNT/NON REP,,active
928,MISCELLANEOUS TITLES-SINGLE TITLES,002600,MILITARY/AIR SCI&TACTICS ASST,25,active
928,MISCELLANEOUS TITLES-SINGLE TITLES,002650,TEACHER-LHS,,active
928,MISCELLANEOUS TITLES-SINGLE TITLES,002651,TEACHER-LHS-CONTINUING,,active
928,MISCELLANEOUS TITLES-SINGLE TITLES,002716,INTERN-CLIN PSYCH-GENL CAMP,21,active
928,MISCELLANEOUS TITLES-SINGLE TITLES,002718,INTERN-CLIN PSYCH-GEN CAMP NEX,21,active
928,MISCELLANEOUS TITLES-SINGLE TITLES,002741,NON-PHYS CLIN TRAIN-GENL CAMP,21,active
928,MISCELLANEOUS TITLES-SINGLE TITLES,002742,NON-PHYS CLIN TRAIN-GENCMP NEX,21,active
928,MISCELLANEOUS TITLES-SINGLE TITLES,003800,NON-SENATE ACAD EMERITUS(WOS),,active
928,MISCELLANEOUS TITLES-SINGLE TITLES,003802,RECALL NON-FACULTY ACAD,,active
928,MISCELLANEOUS TITLES-SINGLE TITLES,003805,RECALL (WOS),,active
928,MISCELLANEOUS TITLES-SINGLE TITLES,003812,RECALL NON-FACULTY ACAD NEX,,active
928,MISCELLANEOUS TITLES-SINGLE TITLES,003900,FACULTY ADMIN TRANSITION LV-AY,,active
928,MISCELLANEOUS TITLES-SINGLE TITLES,003910,FACULTY ADMIN TRANSITION LV-FY,,active
928,MISCELLANEOUS TITLES-SINGLE TITLES,003999,MISCELLANEOUS,,active
999,SUPPLEMENTAL PAY CODES,001092,STIPEND-RESID,,active
999,SUPPLEMENTAL PAY CODES,001098,SUMMER DIFFERENTIAL,,active
999,SUPPLEMENTAL PAY CODES,001099,ADMIN STIPEND,,active
999,SUPPLEMENTAL PAY CODES,002735,STIPEND-OTH POST-MD TRAIN,,active
999,SUPPLEMENTAL PAY CODES,003990,ADDL COMP-HGH&OLIVE VIEW MCS,,active
999,SUPPLEMENTAL PAY CODES,003993,FACULTY RECRUITMENT ALLOW,40,active
999,SUPPLEMENTAL PAY CODES,003995,EAP-TEMP FACULTY HOUSING ALLOW,,active
999,SUPPLEMENTAL PAY CODES,003998,SALARY SUPPLEMENTATION,,active
S21,DEAN,001000,DEAN DEAN,,active
S21,DEAN,001010,ASSOC DEAN,,active
S21,DEAN,001011,ASSOC DEAN-AY,,active
S21,DEAN,001020,ASST DEAN,,active
S21,DEAN,001040,DEAN-EXTENDED LEARNING,,active
S24,ACTING DEAN AND ACTING PROVOST,001007,ACT/INTERIM DEAN DEAN,,active
S24,ACTING DEAN AND ACTING PROVOST,001017,ACT/INTERIM ASSOC DEAN,,active
S24,ACTING DEAN AND ACTING PROVOST,001027,ACT/INTERIM ASSISTANT DEAN,,active
S24,ACTING DEAN AND ACTING PROVOST,001037,ACT/INTERIM DIVISIONAL DEAN,,active
S24,ACTING DEAN AND ACTING PROVOST,001047,ACT/INTERIM COLLEGE PROVOST,,active
S24,ACTING DEAN AND ACTING PROVOST,001077,ACT/INTERIM VICE PROVOST,,active
S24,ACTING DEAN AND ACTING PROVOST,001087,ACT/INTERIM ASSOC VICE PROVOST,,active
S26,DIVISIONAL DEAN,001030,DIVISIONAL DEAN,,active
S26,DIVISIONAL DEAN,001032,ASSOC DIVISIONAL DEAN,,active
S27,PROVOST,001051,ASST COLLEGE PROVOST,,active
S27,PROVOST,001052,ASSOC COLLEGE PROVOST,,active
S27,PROVOST,001060,COLLEGE PROVOST,,active
S27,PROVOST,001068,VICE PROVOST,,active
S27,PROVOST,001069,ASSOC VICE PROVOST,,active
S31,DIRECTOR,000900,DIRECTOR,,active
S31,DIRECTOR,000910,ASSOC DIRECTOR,,active
S31,DIRECTOR,000920,ASST DIRECTOR,,active
S34,ACTING DIRECTOR,000907,ACT/INTERIM DIRECTOR,,active
S34,ACTING DIRECTOR,000917,ACT/INTERIM ASSOC DIRECTOR,,active
S34,ACTING DIRECTOR,000927,ACT/INTERIM ASST DIRECTOR,,active
S46,ACADEMIC COORDINATOR,000840,ACADEMIC COORD I-AY,35,active
S46,ACADEMIC COORDINATOR,000841,ACADEMIC COORD I-FY,36,active
S46,ACADEMIC COORDINATOR,000842,ACADEMIC COORD II-AY,35,active
S46,ACADEMIC COORDINATOR,000843,ACADEMIC COORD II-FY,36,active
S46,ACADEMIC COORDINATOR,000844,ACADEMIC COORD III-AY,35,active
S46,ACADEMIC COORDINATOR,000845,ACADEMIC COORD III-FY,36,active
S46,ACADEMIC COORDINATOR,000850,ACADEMIC COORD I-AY NEX,**,active
S46,ACADEMIC COORDINATOR,000851,ACADEMIC COORD I-FY NEX,36N,active
S46,ACADEMIC COORDINATOR,000852,ACADEMIC COORD II-AY NEX,**,active
S46,ACADEMIC COORDINATOR,000853,ACADEMIC COORD II-FY NEX,36N,active
S46,ACADEMIC COORDINATOR,000854,ACADEMIC COORD III-AY NEX,**,active
S46,ACADEMIC COORDINATOR,000855,ACADEMIC COORD III-FY NEX,36N,active
S56,ACADEMIC-ADMINISTRATOR,000961,ACADEMIC ADMINISTRATOR I NEX,34N,active
S56,ACADEMIC-ADMINISTRATOR,000962,ACADEMIC ADMINISTRATOR II NEX,34N,active
S56,ACADEMIC-ADMINISTRATOR,000963,ACADEMIC ADMINISTRATOR III NEX,34N,active
S56,ACADEMIC-ADMINISTRATOR,000964,ACADEMIC ADMINISTRATOR IV NEX,34N,active
S56,ACADEMIC-ADMINISTRATOR,000965,ACADEMIC ADMINISTRATOR V NEX,34N,active
S56,ACADEMIC-ADMINISTRATOR,000966,ACADEMIC ADMINISTRATOR VI NEX,34N,active
S56,ACADEMIC-ADMINISTRATOR,000967,ACADEMIC ADMINISTRATOR VII NEX,34N,active
S56,ACADEMIC-ADMINISTRATOR,001061,ACADEMIC ADMINISTRATOR I,34,active
S56,ACADEMIC-ADMINISTRATOR,001062,ACADEMIC ADMINISTRATOR II,34,active
S56,ACADEMIC-ADMINISTRATOR,001063,ACADEMIC ADMINISTRATOR III,34,active
S56,ACADEMIC-ADMINISTRATOR,001064,ACADEMIC ADMINISTRATOR IV,34,active
S56,ACADEMIC-ADMINISTRATOR,001065,ACADEMIC ADMINISTRATOR V,34,active
S56,ACADEMIC-ADMINISTRATOR,001066,ACADEMIC ADMINISTRATOR VI,34,active
S56,ACADEMIC-ADMINISTRATOR,001067,ACADEMIC ADMINISTRATOR VII,34,active
S61,DEPARTMENT CHAIRPERSON,001094,DEPARTMENT VICE CHAIR,,active
S61,DEPARTMENT CHAIRPERSON,001096,DEPARTMENT CHAIR,,active
S64,ACTING DEPARTMENT CHAIRPERSON,001095,ACT/INTERIM DEPARTMENT CHAIR,,active
928,MISCELLANEOUS TITLES-SINGLE TITLES,000806,PROG DIR--SCRIPPS INS OF OCGPY,,frozen
928,MISCELLANEOUS TITLES-SINGLE TITLES,000811,ACADEMIC PROGRAMS ADVISOR,,frozen
927,MISCELLANEOUS TITLES-SERIES,000830,HEAD OF ____,,frozen
927,MISCELLANEOUS TITLES-SERIES,000831,ASSOCIATE HEAD OF ____,,frozen
927,MISCELLANEOUS TITLES-SERIES,000832,ASSISTANT HEAD OF ____,,frozen
S44,ACTING ACADEMIC COORDINATOR,000877,ACT ACADEMIC COORD,,frozen
S44,ACTING ACADEMIC COORDINATOR,000878,ACT ACADEMIC COORD NEX,,frozen
927,MISCELLANEOUS TITLES-SERIES,001053,SENIOR PRECEPTOR II,,frozen
927,MISCELLANEOUS TITLES-SERIES,001054,SENIOR PRECEPTOR I,,frozen
928,MISCELLANEOUS TITLES-SINGLE TITLES,001057,ACAD ASST TO T/DIR OF HOSP&CL,,frozen
927,MISCELLANEOUS TITLES-SERIES,001072,ASSOC DIRECTOR-EAP STUDY CNTR,,frozen
927,MISCELLANEOUS TITLES-SERIES,001080,DIRECTOR-INTERNATL PROGRAMS,,frozen
927,MISCELLANEOUS TITLES-SERIES,001082,ASSOC DIRECTOR-INTERNATL PROGS,,frozen
927,MISCELLANEOUS TITLES-SERIES,001084,ASST DIRECTOR-INTERNATL PROGS,,frozen
323,VISITING PROFESSOR,001102,VST PROFESSOR-ACAD YR-1/9 PMT,1*,frozen
010,PROFESSORIAL-TENURE,001105,PROFESSOR-FAC EARLY RETIR PGRM,1,frozen
012,PROFESSORIAL-RECALL,001106,PROFESSOR-ACAD YR-RECALLED,1*,frozen
012,PROFESSORIAL-RECALL,001109,PROFESSOR RECALLED-ACAD YR-1/9,1*,frozen
012,PROFESSORIAL-RECALL,001111,____-SENATE-AY-RECALLED-VERIP,1*,frozen
012,PROFESSORIAL-RECALL,001112,---SENATE-FY-RECALLED-VERIP,2*,frozen
012,PROFESSORIAL-RECALL,001113,---MEDCOMP-RECALLED-VERIP,5*,frozen
012,PROFESSORIAL-RECALL,001114,---GENCOMP-RECALLED-VERIP,5*,frozen
012,PROFESSORIAL-RECALL,001116,PROFESSOR-FISCAL YR-RECALLED,2*,frozen
323,VISITING PROFESSOR,001118,VISITING PROFESSOR - FISCAL YR,2*,frozen
010,PROFESSORIAL-TENURE,001130,PROF-10 MONTHS,1,frozen
012,PROFESSORIAL-RECALL,001146,PROF-AY-BUS/ECON/ENG-RECALLED,3*,frozen
012,PROFESSORIAL-RECALL,001148,PROF-AY-1/9-BUS/ECON/ENG-RECALLED,3*,frozen
010,PROFESSORIAL-TENURE,001150,PROFESSOR - SFT-A,6,frozen
323,VISITING PROFESSOR,001188,VST PROFESSOR-LAW SCHOOL SCALE,8*,frozen
323,VISITING PROFESSOR,001202,VST ASSOC PROFESSSOR-AY-1/9TH,1*,frozen
010,PROFESSORIAL-TENURE,001205,ASSOC PROF-FAC EARLY RETIR PGM,1,frozen
012,PROFESSORIAL-RECALL,001206,ASSOC PROFESSOR-AY-RECALLED,1*,frozen
012,PROFESSORIAL-RECALL,001209,ASSOC PROF-RECALLED-AY-1/9TH,1*,frozen
012,PROFESSORIAL-RECALL,001216,ASSOC PROFESSOR-FY-RECALL,2*,frozen
323,VISITING PROFESSOR,001218,VST ASSOC PROFESSOR-FISCAL YR,2*,frozen
010,PROFESSORIAL-TENURE,001230,ASSOC PROF-10 MONTHS,1,frozen
012,PROFESSORIAL-RECALL,001246,ASSOC PROF-AY-BUS/ECON/ENG-REC,3*,frozen
012,PROFESSORIAL-RECALL,001248,ASSOC PRO-AY-1/9-B/ECON/ENG-REC,3*,frozen
323,VISITING PROFESSOR,001302,VST ASST PROEFSSOR-ACAD YR-1/9,1*,frozen
012,PROFESSORIAL-RECALL,001306,ASST PROFESSOR-ACAD YR-RECALL,1*,frozen
323,VISITING PROFESSOR,001318,VST ASST PROFESSOR -FISCAL YR,2*,frozen
011,PROFESSORIAL-NON-TENURE,001330,ASST PROF-10-MONTHS,1,frozen
011,PROFESSORIAL-NON-TENURE,001400,INSTRUCTOR-ACADEMIC YEAR,1,frozen
011,PROFESSORIAL-NON-TENURE,001410,INSTRUCTOR - FISCAL YEAR,2,frozen
323,VISITING PROFESSOR,001421,VSTG PROF-ACAD YR-BUS/ECON/ENG,3*,frozen
323,VISITING PROFESSOR,001422,VSTG PROF-FY--BUS/ECON/ENG,4*,frozen
323,VISITING PROFESSOR,001423,VSTG PROF-AY-1/9-BUS/ECON/ENGR,3*,frozen
323,VISITING PROFESSOR,001424,VSTG ASO PRO-AY-BUS/ECON/ENGR,3*,frozen
323,VISITING PROFESSOR,001425,VSTG ASO PRO-FY-BUS/ECON/ENGR,4*,frozen
323,VISITING PROFESSOR,001426,VSTG ASO PRO-AY-1/9-B/ECON/ENG,3*,frozen
323,VISITING PROFESSOR,001427,VSTG AST PRO-AY-BUS/ECON/ENGR,3*,frozen
323,VISITING PROFESSOR,001428,VSTG AST PRO-FY-BUS/ECON/ENG,4*,frozen
323,VISITING PROFESSOR,001429,VSTG AST PRO-AY-1/9-B/ECON/ENG,3*,frozen
224,ACTING PROF OF TEACHING - PSOE,001593,ACT ASST PROF OF TEACH-AY-LAW,8,frozen
221,LECTURER-PSOE,001600,SR LECT PSOE-AY-PART TIME,15,frozen
221,LECTURER-PSOE,001602,SR LECT PSOE-AY-1/9-PART TIME,15,frozen
221,LECTURER-PSOE,001605,LECT PSOE-AY-PART TIME,15,frozen
221,LECTURER-PSOE,001606,LECT PSOE-AY-1/9-PART TIME,15,frozen
221,LECTURER-PSOE,001610,SR LECT PSOE-FY-PART TIME,15,frozen
221,LECTURER-PSOE,001615,LECT PSOE-FY-PART TIME,15,frozen
225,LECTURER,001640,SR LECT-AY,15,frozen
225,LECTURER,001642,SR LECT-AY-1/9,15,frozen
225,LECTURER,001644,SR LECT-FY,15,frozen
225,LECTURER,001646,SR LECT-AY-1/10,15,frozen
212,LECTURER-SECURITY OF EMPLOYMENT-RECALL,001660,SR LECT W/SEC-ACAD YR -RECALL,10*,frozen
212,LECTURER-SECURITY OF EMPLOYMENT-RECALL,001662,SR LECT W/SEC-AY-RECALL-1/9TH,10*,frozen
212,LECTURER-SECURITY OF EMPLOYMENT-RECALL,001663,SR LECT W/SEC-FISCAL YR-RECALL,10*,frozen
212,LECTURER-SECURITY OF EMPLOYMENT-RECALL,001665,LECT W/SEC-ACAD YR-RECALL,10*,frozen
212,LECTURER-SECURITY OF EMPLOYMENT-RECALL,001666,LECT W/SEC-AY-RECALL-1/9TH,10*,frozen
212,LECTURER-SECURITY OF EMPLOYMENT-RECALL,001667,LECT W/SEC-FISCAL YR-RECALL,10*,frozen
211,LECTURER-PSOE-SENATE,001683,SR LECT PSOE-AY,10,frozen
211,LECTURER-PSOE-SENATE,001684,SR LECT PSOE-AY-1/9,10,frozen
211,LECTURER-PSOE-SENATE,001685,SR LECT PSOE-FY,10,frozen
211,PROFESSOR OF TEACHING - PSOE,001694,ASST PROF OF TEACH-AY-LAW,8,frozen
012,PROFESSORIAL-RECALL,001707,RESEARCH PROFESSOR,2,frozen
012,PROFESSORIAL-RECALL,001708,RESEARCH PROFESSOR-VERIP,2,frozen
323,VISITING PROFESSOR,001711,VIS INSTRUCTOR-HCOMP,5*,frozen
124,ACTING PROFESSOR-NON-SENATE,001878,ACTING ASST PROFESSOR-SFT-PC,6,frozen
114,ACTING PROFESSOR-SENATE,001880,ACTING ASSOC PROFESSOR-SFT-PC,6,frozen
114,ACTING PROFESSOR-SENATE,001882,ACTING PROFESSOR-SFT-PC,6,frozen
311,PROFESSOR IN RESIDENCE,001903,INSTR IN RESIDENCE-SFT-VM,7,frozen
335,ADJUNCT PROFESSOR,001907,ADJUNCT INSTRUCTOR-SFT-VM,7,frozen
541,PROFESSIONAL RESEARCH-REGULAR,001932,ASST RESEARCH---SFT/COMP PLAN,,frozen
541,PROFESSIONAL RESEARCH-REGULAR,001933,ASSOC RESEARCH--SFT/COM PLAN,,frozen
541,PROFESSIONAL RESEARCH-REGULAR,001934,RESEARCH------SFT/COMP PLAN,,frozen
566,OTHER RESEARCH,001938,ROTATING RESEARCH PROF-ACAD YR,,frozen
566,OTHER RESEARCH,001948,ROTATING RESEARCH PROF - FY,,frozen
030,CLIN PROF-DENTISTRY-50%+/TENURE,002001,CLIN PROF-DENTISTRY-50%/+ AY,1,frozen
030,CLIN PROF-DENTISTRY-50%+/TENURE,002003,CLIN PROF DENT-AY-PTC GENCO,,frozen
030,CLIN PROF-DENTISTRY-50%+/TENURE,002011,CLIN PROF-DENT-50%/+-FY,2,frozen
030,CLIN PROF-DENTISTRY-50%+/TENURE,002013,CLIN PROF DENT-FY-PTC GENCO,,frozen
341,HEALTH SCIENCES CLINICAL PROFESSOR,002016,HS CLIN PROF RECALLED - FISCAL YR,2*,frozen
030,CLIN PROF-DENTISTRY-50%+/TENURE,002021,ASSO CLIN PROF-DENT-50%/+ AY,1,frozen
030,CLIN PROF-DENTISTRY-50%+/TENURE,002023,ASSO CLIN PROF DENT-AY-PTC GEN,,frozen
030,CLIN PROF-DENTISTRY-50%+/TENURE,002031,ASSO CLIN PROF-DENT-50%/+ FY,2,frozen
030,CLIN PROF-DENTISTRY-50%+/TENURE,002033,ASSO CLIN PROF DEN-FY-PTC GE,,frozen
031,CLIN PROF-DENTISTRY-50%+/NON-TENURE,002041,ASST CLIN PROF-DENT-50%/+ AY,1,frozen
031,CLIN PROF-DENTISTRY-50%+/NON-TENURE,002051,ASST CLIN PROF-DENT-50%/+ FY,2,frozen
031,CLIN PROF-DENTISTRY-50%+/NON-TENURE,002061,CLIN INSTRUCTOR-DENT-50%/+ AY,1,frozen
031,CLIN PROF-DENTISTRY-50%+/NON-TENURE,002071,CLIN INSTR- DENT - 50%/+ FY,2,frozen
928,MISCELLANEOUS TITLES-SINGLE TITLES,002080,CLIN ASSOCIATE IN ____-ACAD YR,,frozen
928,MISCELLANEOUS TITLES-SINGLE TITLES,002081,CLIN ASSOCIATE-FY,,frozen
928,MISCELLANEOUS TITLES-SINGLE TITLES,002090,CLIN AFFILIATE - VSTG - FOR MD,,frozen
042,SUPERVISOR OF P.E.-RECALL,002106,SUPRVSR OF PHYS ED-RECALLED-AY,9*,frozen
040,SUPERVISOR OF P.E.-TENURE,002100,SUPV PE-AY,9,frozen
040,SUPERVISOR OF P.E.-TENURE,002120,ASSOC SUPV PE-AY,9,frozen
041,SUPERVISOR OF P.E.-NON TENURE,002140,ASST SUPRVSR OF PHYS ED - AY,9,frozen
041,SUPERVISOR OF P.E.-NON TENURE,002160,JR SUPRVSR OF PHYS ED-ACAD YR,9,frozen
456,OTHER STUDENT TITLES,002270,REMD TUT I-NON GSHIP/NON REP,20,frozen
456,OTHER STUDENT TITLES,002271,REMD TUT I-GSHIP/NON REP,20,frozen
456,OTHER STUDENT TITLES,002272,REMD TUT II NON-GSHIP/NON REP,20,frozen
456,OTHER STUDENT TITLES,002273,REMD TUT II-GSHIP/NON REP,20,frozen
456,OTHER STUDENT TITLES,002280,REMD TUT I-NON GSHIP,20,frozen
426,TEACHING ASSISTANT & EQUIVALENT,002286,NURSERY SCHOOL ASST-GSHIP,18,frozen
426,TEACHING ASSISTANT & EQUIVALENT,002287,NURSERY SCHOOL ASST-NON GSHIP,18,frozen
456,OTHER STUDENT TITLES,002288,REMD TUT I-GSHIP,20,frozen
456,OTHER STUDENT TITLES,002289,REMD TUT II-GSHIP,20,frozen
456,OTHER STUDENT TITLES,002290,REMD TUT II-NON GSHIP,20,frozen
426,TEACHING ASSISTANT & EQUIVALENT,002300,TEACHG FELLOW-GSHIP,18,frozen
426,TEACHING ASSISTANT & EQUIVALENT,002301,TEACHG FELLOW-NON GSHIP,18,frozen
426,TEACHING ASSISTANT & EQUIVALENT,002302,TEACHG FELLOW-GSHIP/NON REP,18,frozen
426,TEACHING ASSISTANT & EQUIVALENT,002303,TEACHG FELLOW-NON GSHIP/NONREP,18,frozen
456,OTHER STUDENT TITLES,002305,COMM TEACHG FELLOW-GSHIP,18,frozen
456,OTHER STUDENT TITLES,002306,COMM TEACHG FELLOW-NON GSHIP,18,frozen
456,OTHER STUDENT TITLES,002550,ACT INSTR-GRAD STDNT-GSHIP,,frozen
456,OTHER STUDENT TITLES,002551,ACT INSTR-GRAD STDNT-NON-GSHIP,,frozen
446,INTERN OR RESIDENT,002700,INTERN - HOSPITAL/NON REPRESENTED,21,frozen
446,INTERN OR RESIDENT,002704,INTERN-DIETETIC/NON REP,21,frozen
446,INTERN OR RESIDENT,002711,INTERN-PHARMACY/NON REPRESENTED,21,frozen
446,INTERN OR RESIDENT,002728,PGY I PHARMACY RESID/NON REP,21,frozen
446,INTERN OR RESIDENT,002729,PGY II PHARMACY RESID/NON REP,21,frozen
530,AGRONOMIST-TENURE,003005,_____ IN THE A.E.S.-F.E.R.P.,2,frozen
532,AGRONOMIST-RECALL,003006,----- IN THE A.E.S. RECALLED,2*,frozen
533,AGRONOMIST-VISITING,003008,VST ----- IN THE A.E.S.,2*,frozen
533,AGRONOMIST-VISITING,003018,VST ASSOC ----- IN THE A.E.S.,2*,frozen
533,AGRONOMIST-VISITING,003028,VST ASST ----- IN THE A.E.S.,2*,frozen
531,AGRONOMIST-NON-TENURE,003030,JR ----- IN THE A.E.S.,2,frozen
531,AGRONOMIST-NON-TENURE,003031,JR ----- IN THE A.E.S.- SFT-VM,7,frozen
557,SPECIALIST IN A.E.S.,003034,JR SPECIALIST IN THE A.E.S.,24,frozen
534,AGRONOMIST-ACTING,003037,ACT JR ----- IN THE A.E.S.,2,frozen
534,AGRONOMIST-ACTING,003039,ACT JR --- IN THE A.E.S.SFT-VM,7,frozen
533,AGRONOMIST-VISITING,003041,VST --- IN THE AES- BUS/ECON/ENG,4*,frozen
533,AGRONOMIST-VISITING,003042,VST ASO --- IN AES-BUS/ECON/ENG,4*,frozen
533,AGRONOMIST-VISITING,003043,VST AST --- IN THE AES-B/ECON/EN,4*,frozen
566,OTHER RESEARCH,003050,ASSOC IN ------- IN THE A.E.S.,,frozen
530,AGRONOMIST-TENURE,003061,--- IN THE AES-ACAD YR-1/9TH,1,frozen
530,AGRONOMIST-TENURE,003063,---IN THE AES-B/ECON/ENG-AY-1/9,3,frozen
534,AGRONOMIST-ACTING,003065,ACT --- IN THE AES-ACAD YR-1/9,1,frozen
534,AGRONOMIST-ACTING,003067,ACT---IN THE AES-B/ECON/ENG-AY-1/9,3,frozen
530,AGRONOMIST-TENURE,003071,ASO---IN THE AES-ACAD YR-1/9TH,1,frozen
530,AGRONOMIST-TENURE,003073,ASO---IN THE AES-B/ECON/ENG-AY-1/9,3,frozen
534,AGRONOMIST-ACTING,003075,ACT ASO---IN THE AES-AY-1/9,1,frozen
534,AGRONOMIST-ACTING,003077,ACT ASO--IN AES-B/EC/EN-AY-1/9,3,frozen
531,AGRONOMIST-NON-TENURE,003081,AST---IN THE AES-ACAD YR-1/9TH,1,frozen
531,AGRONOMIST-NON-TENURE,003083,AST---IN THE AES- B/ECON/ENG-AY-1/9,3,frozen
534,AGRONOMIST-ACTING,003085,ACT AST---IN THE AES-AY-1/9,1,frozen
534,AGRONOMIST-ACTING,003087,ACT AST--IN AES-B/ECN/EN-AY-1/9,3,frozen
531,AGRONOMIST-NON-TENURE,003090,JR---IN THE AES-ACADEMIC YEAR,1,frozen
531,AGRONOMIST-NON-TENURE,003091,JR---IN THE AES-ACAD YR-1/9TH,1,frozen
534,AGRONOMIST-ACTING,003094,ACT JR---IN THE AES-ACAD YR,1,frozen
534,AGRONOMIST-ACTING,003095,ACT JR---IN THE AES-AY-1/9TH,1,frozen
522,ASTRONOMER-RECALL,003106,ASTRONOMER RECALLED,2*,frozen
524,ASTRONOMER-ACTING,003107,ACTING ASTRONOMER,2,frozen
523,ASTRONOMER-VISITING,003108,VISITING ASTRONOMER,2*,frozen
524,ASTRONOMER-ACTING,003117,ACTING ASSOCIATE ASTRONOMER,2,frozen
523,ASTRONOMER-VISITING,003118,VISITING ASSOC ASTRONOMER,2*,frozen
521,ASTRONOMER-NON TENURE,003120,ASSISTANT ASTRONOMER,2,frozen
524,ASTRONOMER-ACTING,003127,ACTING ASSISTANT ASTRONOMER,2,frozen
523,ASTRONOMER-VISITING,003128,VISITING ASST ASTRONOMER,2*,frozen
521,ASTRONOMER-NON TENURE,003130,JUNIOR ASTRONOMER,2,frozen
524,ASTRONOMER-ACTING,003137,ACTING JUNIOR ASTRONOMER,2,frozen
436,GRADUATE STUDENT RESEARCHER,003140,GSR-FELLOWSHIP-NO REM,22,frozen
436,GRADUATE STUDENT RESEARCHER,003141,GSR-FELLOWSHIP-TUIT&FEE REM,22,frozen
436,GRADUATE STUDENT RESEARCHER,003150,GSR-TRAINEE-NO REM,22,frozen
436,GRADUATE STUDENT RESEARCHER,003151,GSR-TRAINEE-TUIT&FEE REM,22,frozen
541,PROFESSIONAL RESEARCH-REGULAR,003173,RES-AY NEX,,frozen
541,PROFESSIONAL RESEARCH-REGULAR,003175,RES-AY-1/9 NEX,,frozen
541,PROFESSIONAL RESEARCH-REGULAR,003183,ASSOC RES-AY NEX,,frozen
541,PROFESSIONAL RESEARCH-REGULAR,003185,ASSOC RES-AY-1/9 NEX,,frozen
541,PROFESSIONAL RESEARCH-REGULAR,003193,ASST RES-AY NEX,,frozen
541,PROFESSIONAL RESEARCH-REGULAR,003195,ASST RES-AY-1/9 NEX,,frozen
542,PROFESSIONAL RESEARCH-RECALL,003209,RES---- - RECALLED,13*,frozen
927,MISCELLANEOUS TITLES-SERIES,003236,ASST FIELD PROGRAM SUPERVISOR,,frozen
577,POST-GRADUATE RESEARCH-NON-STUDENT,003237,FACULTY FELLOW RES-AY,,frozen
577,POST-GRADUATE RESEARCH-NON-STUDENT,003238,FACULTY FELLOW RES-AY-1/9,,frozen
436,GRADUATE STUDENT RESEARCHER,003273,GSAR-NON GSHIP,22,frozen
436,GRADUATE STUDENT RESEARCHER,003274,GSAR-GSHIP,22,frozen
311,PROFESSOR IN RESIDENCE,003280,INSTR IN RESIDENCE-ACADEMIC YR,1,frozen
311,PROFESSOR IN RESIDENCE,003281,INSTR IN RESIDENCE-FISCAL YR,2,frozen
566,OTHER RESEARCH,003294,ASST RES PROF-MILLER INST- AY,,frozen
566,OTHER RESEARCH,003295,ASST RES PROF-MILLER INST- FY,,frozen
928,MISCELLANEOUS TITLES-SINGLE TITLES,003340,SUPERINTENDENT OF STATION,,frozen
311,PROFESSOR IN RESIDENCE,003350,INSTR IN RSDNC-ACAD YR-1/9TH,1,frozen
335,ADJUNCT PROFESSOR,003360,ADJUNCT INSTRUCTOR-ACAD YR-1/9,1,frozen
723,VISITING COOPERATIVE EXTENSION SPECIALIST,003402,VST COOP EXT SPECIALIST,29*,frozen
723,VISITING COOPERATIVE EXTENSION SPECIALIST,003412,VST ASSOC COOP EXT SPECIALIST,29*,frozen
723,VISITING COOPERATIVE EXTENSION SPECIALIST,003422,VST ASST COOP EXT SPECIALIST,29*,frozen
927,MISCELLANEOUS TITLES-SERIES,003501,COORD PUBLIC PROG VIII 30B,,frozen
927,MISCELLANEOUS TITLES-SERIES,003503,COORD PUBLIC PROG VII 30B,,frozen
927,MISCELLANEOUS TITLES-SERIES,003505,COORD PUBLIC PROG VI 30B,,frozen
927,MISCELLANEOUS TITLES-SERIES,003507,COORD PUBLIC PROG V 30B,,frozen
927,MISCELLANEOUS TITLES-SERIES,003509,COORD PUBLIC PROG IV 30B,,frozen
927,MISCELLANEOUS TITLES-SERIES,003511,COORD PUBLIC PROG III 30B,,frozen
927,MISCELLANEOUS TITLES-SERIES,003513,COORD PUBLIC PROG II 30B,,frozen
927,MISCELLANEOUS TITLES-SERIES,003515,COORD PUBLIC PROG I 30B,,frozen
927,MISCELLANEOUS TITLES-SERIES,003541,COORD OF PUBLIC PROG VIII NEX 30B(N),,frozen
927,MISCELLANEOUS TITLES-SERIES,003542,COORD PUB PROG VIII NON REP 30A,,frozen
927,MISCELLANEOUS TITLES-SERIES,003543,COORD OF PUBLIC PROG VII NEX 30B(N),,frozen
927,MISCELLANEOUS TITLES-SERIES,003544,COORD PUB PROG VII NON REP 30A,,frozen
927,MISCELLANEOUS TITLES-SERIES,003545,COORD OF PUBLIC PROG VI NEX 30B(N),,frozen
927,MISCELLANEOUS TITLES-SERIES,003546,COORD PUB PROG VI NON REP 30A,,frozen
927,MISCELLANEOUS TITLES-SERIES,003547,COORD OF PUBLIC PROG V NEX 30B(N),,frozen
927,MISCELLANEOUS TITLES-SERIES,003548,COORD PUB PROG V NON REP 30A,,frozen
927,MISCELLANEOUS TITLES-SERIES,003549,COORD OF PUBLIC PROG IV NEX 30B(N),,frozen
927,MISCELLANEOUS TITLES-SERIES,003550,COORD PUB PROG IV NON REP 30A,,frozen
927,MISCELLANEOUS TITLES-SERIES,003551,COORD OF PUBLIC PROG III NEX 30B(N),,frozen
927,MISCELLANEOUS TITLES-SERIES,003552,COORD PUB PROG III NON REP 30A,,frozen
927,MISCELLANEOUS TITLES-SERIES,003553,COORD OF PUBLIC PROG II NEX 30B(N),,frozen
927,MISCELLANEOUS TITLES-SERIES,003554,COORD PUB PROG II NON REP 30A,,frozen
927,MISCELLANEOUS TITLES-SERIES,003555,COORD OF PUBLIC PROG I NEX 30B(N),,frozen
927,MISCELLANEOUS TITLES-SERIES,003556,COORD PUB PROG I NON REP 30A,,frozen
623,VISITING LIBRARIAN,003619,VSTG ASSOC LIBRARIAN-FISCAL YR,26*,frozen
623,VISITING LIBRARIAN,003623,VSTG ASST LIBRARIAN-FISCAL YR,26*,frozen
927,MISCELLANEOUS TITLES-SERIES,003710,ASSOC FACULTY CONSULTANT IN---,,frozen
927,MISCELLANEOUS TITLES-SERIES,003720,ASST FACULTY CONSULTANT IN----,,frozen
928,MISCELLANEOUS TITLES-SINGLE TITLES,003803,---ACADEMIC YR-RECALLED-VERIP,,frozen
928,MISCELLANEOUS TITLES-SINGLE TITLES,003804,---FISCAL YR - RECALLED-VERIP,,frozen
999,SUPPLEMENTAL PAY CODES,003897,FACULTY RECHARGE GROUP,,frozen
999,SUPPLEMENTAL PAY CODES,003898,ACADEMIC UPGRADING FUNDS,,frozen
999,SUPPLEMENTAL PAY CODES,003980,STATE SALARY DIFF-LPNI/NPI,,frozen
999,SUPPLEMENTAL PAY CODES,003981,STATE SAL DIFF-XMURAL-LPNI/NPI,,frozen
999,SUPPLEMENTAL PAY CODES,003991,ADDL COMP-VETERANS' ADMIN SRVC,,frozen
